id,time,value
UPENN-GBM-00029_rh_volume_superiorfrontal,0,600.6210574592282
UPENN-GBM-00029_rh_volume_superiorfrontal,1,599.4772987607512
UPENN-GBM-00029_rh_volume_superiorfrontal,2,600.777031863625
UPENN-GBM-00029_rh_volume_superiorfrontal,3,602.2044964906124
UPENN-GBM-00029_rh_volume_superiorfrontal,4,601.3176704306303
UPENN-GBM-00029_rh_volume_superiorfrontal,5,604.2029066750737
UPENN-GBM-00029_rh_volume_superiorfrontal,6,603.7777190522297
UPENN-GBM-00029_rh_volume_superiorfrontal,7,606.7866284887946
UPENN-GBM-00029_rh_volume_superiorfrontal,8,606.2653417712825
UPENN-GBM-00029_rh_volume_superiorfrontal,9,606.4740076981075
UPENN-GBM-00029_rh_volume_superiorfrontal,10,606.3594271224165
UPENN-GBM-00029_rh_volume_superiorfrontal,11,607.0352043549879
UPENN-GBM-00029_rh_volume_superiorfrontal,12,607.1880952787656
UPENN-GBM-00029_rh_volume_superiorfrontal,13,607.3831074090192
UPENN-GBM-00029_rh_volume_superiorfrontal,14,608.3384074151138
UPENN-GBM-00029_rh_volume_superiorfrontal,15,606.7730697862467
UPENN-GBM-00029_rh_volume_superiorfrontal,16,608.8823916073952
UPENN-GBM-00029_rh_volume_superiorfrontal,17,597.5777051638302
UPENN-GBM-00029_rh_volume_superiorfrontal,18,574.2152263431186
UPENN-GBM-00029_rh_volume_superiorfrontal,19,538.7910926926724
UPENN-GBM-00029_rh_volume_superiorfrontal,20,512.1346800091324
UPENN-GBM-00029_rh_volume_superiorfrontal,21,503.3126468742144
UPENN-GBM-00029_rh_volume_superiorfrontal,22,513.3789541541164
UPENN-GBM-00029_rh_volume_superiorfrontal,23,530.2481482295162
UPENN-GBM-00029_rh_volume_superiorfrontal,24,544.5498711722238
UPENN-GBM-00029_rh_volume_superiorfrontal,25,554.8643530850757
UPENN-GBM-00029_rh_volume_superiorfrontal,26,562.5757567927874
UPENN-GBM-00029_rh_volume_superiorfrontal,27,570.4540591860678
UPENN-GBM-00029_rh_volume_superiorfrontal,28,575.4992366885627
UPENN-GBM-00029_rh_volume_superiorfrontal,29,575.8482953336168
UPENN-GBM-00029_rh_volume_superiorfrontal,30,576.4701286327078
UPENN-GBM-00029_rh_volume_superiorfrontal,31,573.9214184341171
UPENN-GBM-00029_rh_volume_superiorfrontal,32,573.1430734516294
UPENN-GBM-00029_rh_volume_superiorfrontal,33,578.1135935232385
UPENN-GBM-00029_rh_volume_superiorfrontal,34,577.1210572137186
UPENN-GBM-00029_rh_volume_superiorfrontal,35,579.6901153237108
UPENN-GBM-00029_rh_volume_superiorfrontal,36,579.4385895712791
UPENN-GBM-00029_rh_volume_superiorfrontal,37,583.9129915800053
UPENN-GBM-00029_rh_volume_superiorfrontal,38,584.3362482332242
UPENN-GBM-00029_rh_volume_superiorfrontal,39,587.7697055840829
UPENN-GBM-00029_rh_volume_superiorfrontal,40,587.2021048558391
UPENN-GBM-00029_rh_volume_superiorfrontal,41,591.7946646851717
UPENN-GBM-00029_rh_volume_superiorfrontal,42,590.7962081142892
UPENN-GBM-00029_rh_volume_superiorfrontal,43,591.8313121451569
UPENN-GBM-00029_rh_volume_superiorfrontal,44,588.5297765113388
UPENN-GBM-00029_lh_volume_rostralmiddlefrontal,0,477.88775634765625
UPENN-GBM-00029_lh_volume_rostralmiddlefrontal,1,474.9493255615234
UPENN-GBM-00029_lh_volume_rostralmiddlefrontal,2,489.817611694336
UPENN-GBM-00029_lh_volume_rostralmiddlefrontal,3,483.2113800048828
UPENN-GBM-00029_lh_volume_rostralmiddlefrontal,4,462.2771835327149
UPENN-GBM-00029_lh_volume_rostralmiddlefrontal,5,479.2628555297852
UPENN-GBM-00029_lh_volume_rostralmiddlefrontal,6,478.5546073913574
UPENN-GBM-00029_lh_volume_rostralmiddlefrontal,7,476.74963760375977
UPENN-GBM-00029_lh_volume_rostralmiddlefrontal,8,475.16942977905273
UPENN-GBM-00029_lh_volume_rostralmiddlefrontal,9,485.7992820739746
UPENN-GBM-00029_lh_volume_rostralmiddlefrontal,10,470.06172943115234
UPENN-GBM-00029_lh_volume_rostralmiddlefrontal,11,484.45843505859375
UPENN-GBM-00029_lh_volume_rostralmiddlefrontal,12,472.1944465637207
UPENN-GBM-00029_lh_volume_rostralmiddlefrontal,13,472.458065032959
UPENN-GBM-00029_lh_volume_rostralmiddlefrontal,14,481.9281997680664
UPENN-GBM-00029_lh_volume_rostralmiddlefrontal,15,472.05432510375977
UPENN-GBM-00029_lh_volume_rostralmiddlefrontal,16,486.25000381469727
UPENN-GBM-00029_lh_volume_rostralmiddlefrontal,17,493.7584609985352
UPENN-GBM-00029_lh_volume_rostralmiddlefrontal,18,475.289363861084
UPENN-GBM-00029_lh_volume_rostralmiddlefrontal,19,443.1044692993164
UPENN-GBM-00029_lh_volume_rostralmiddlefrontal,20,422.1051330566406
UPENN-GBM-00029_lh_volume_rostralmiddlefrontal,21,408.3812561035156
UPENN-GBM-00029_lh_volume_rostralmiddlefrontal,22,411.7029647827149
UPENN-GBM-00029_lh_volume_rostralmiddlefrontal,23,423.2848663330078
UPENN-GBM-00029_lh_volume_rostralmiddlefrontal,24,423.3148651123047
UPENN-GBM-00029_lh_volume_rostralmiddlefrontal,25,430.9550094604492
UPENN-GBM-00029_lh_volume_rostralmiddlefrontal,26,442.7507438659668
UPENN-GBM-00029_lh_volume_rostralmiddlefrontal,27,442.70529556274414
UPENN-GBM-00029_lh_volume_rostralmiddlefrontal,28,462.47071838378906
UPENN-GBM-00029_lh_volume_rostralmiddlefrontal,29,462.6432342529297
UPENN-GBM-00029_lh_volume_rostralmiddlefrontal,30,451.5247993469238
UPENN-GBM-00029_lh_volume_rostralmiddlefrontal,31,472.6052436828613
UPENN-GBM-00029_lh_volume_rostralmiddlefrontal,32,462.7772674560547
UPENN-GBM-00029_lh_volume_rostralmiddlefrontal,33,457.01806640625
UPENN-GBM-00029_lh_volume_rostralmiddlefrontal,34,469.3079719543457
UPENN-GBM-00029_lh_volume_rostralmiddlefrontal,35,467.0548324584961
UPENN-GBM-00029_lh_volume_rostralmiddlefrontal,36,465.5151596069336
UPENN-GBM-00029_lh_volume_rostralmiddlefrontal,37,480.4903068542481
UPENN-GBM-00029_lh_volume_rostralmiddlefrontal,38,459.8965148925781
UPENN-GBM-00029_lh_volume_rostralmiddlefrontal,39,464.7866134643554
UPENN-GBM-00029_lh_volume_rostralmiddlefrontal,40,474.6742706298828
UPENN-GBM-00029_lh_volume_rostralmiddlefrontal,41,467.1591644287109
UPENN-GBM-00029_lh_volume_rostralmiddlefrontal,42,464.5091896057129
UPENN-GBM-00029_lh_volume_rostralmiddlefrontal,43,478.0660095214844
UPENN-GBM-00029_lh_volume_rostralmiddlefrontal,44,468.0218772888184
UPENN-GBM-00029_lh_volume_superiorfrontal,0,413.5668182373047
UPENN-GBM-00029_lh_volume_superiorfrontal,1,425.75982666015625
UPENN-GBM-00029_lh_volume_superiorfrontal,2,426.5542602539063
UPENN-GBM-00029_lh_volume_superiorfrontal,3,420.3310546875
UPENN-GBM-00029_lh_volume_superiorfrontal,4,410.1692962646485
UPENN-GBM-00029_lh_volume_superiorfrontal,5,436.7193145751953
UPENN-GBM-00029_lh_volume_superiorfrontal,6,423.66758728027344
UPENN-GBM-00029_lh_volume_superiorfrontal,7,399.4254455566406
UPENN-GBM-00029_lh_volume_superiorfrontal,8,415.3174896240234
UPENN-GBM-00029_lh_volume_superiorfrontal,9,436.39637756347656
UPENN-GBM-00029_lh_volume_superiorfrontal,10,414.5372619628906
UPENN-GBM-00029_lh_volume_superiorfrontal,11,452.13763427734375
UPENN-GBM-00029_lh_volume_superiorfrontal,12,446.6170043945313
UPENN-GBM-00029_lh_volume_superiorfrontal,13,457.9959564208984
UPENN-GBM-00029_lh_volume_superiorfrontal,14,440.03346252441406
UPENN-GBM-00029_lh_volume_superiorfrontal,15,432.64654541015625
UPENN-GBM-00029_lh_volume_superiorfrontal,16,411.2430267333984
UPENN-GBM-00029_lh_volume_superiorfrontal,17,437.7956085205078
UPENN-GBM-00029_lh_volume_superiorfrontal,18,405.41087341308594
UPENN-GBM-00029_lh_volume_superiorfrontal,19,325.26690673828125
UPENN-GBM-00029_lh_volume_superiorfrontal,20,220.1115264892578
UPENN-GBM-00029_lh_volume_superiorfrontal,21,162.18869018554688
UPENN-GBM-00029_lh_volume_superiorfrontal,22,172.33164978027344
UPENN-GBM-00029_lh_volume_superiorfrontal,23,141.61419296264648
UPENN-GBM-00029_lh_volume_superiorfrontal,24,215.88944244384768
UPENN-GBM-00029_lh_volume_superiorfrontal,25,230.8884735107422
UPENN-GBM-00029_lh_volume_superiorfrontal,26,284.8849334716797
UPENN-GBM-00029_lh_volume_superiorfrontal,27,314.65057373046875
UPENN-GBM-00029_lh_volume_superiorfrontal,28,333.26564025878906
UPENN-GBM-00029_lh_volume_superiorfrontal,29,337.513671875
UPENN-GBM-00029_lh_volume_superiorfrontal,30,326.29209899902344
UPENN-GBM-00029_lh_volume_superiorfrontal,31,359.6673278808594
UPENN-GBM-00029_lh_volume_superiorfrontal,32,337.8392944335937
UPENN-GBM-00029_lh_volume_superiorfrontal,33,303.56373596191406
UPENN-GBM-00029_lh_volume_superiorfrontal,34,340.7142333984375
UPENN-GBM-00029_lh_volume_superiorfrontal,35,354.4508209228516
UPENN-GBM-00029_lh_volume_superiorfrontal,36,345.9981384277344
UPENN-GBM-00029_lh_volume_superiorfrontal,37,357.0367584228516
UPENN-GBM-00029_lh_volume_superiorfrontal,38,355.80213928222656
UPENN-GBM-00029_lh_volume_superiorfrontal,39,363.3071899414063
UPENN-GBM-00029_lh_volume_superiorfrontal,40,389.533432006836
UPENN-GBM-00029_lh_volume_superiorfrontal,41,389.7218322753906
UPENN-GBM-00029_lh_volume_superiorfrontal,42,361.38368225097656
UPENN-GBM-00029_lh_volume_superiorfrontal,43,381.2386016845703
UPENN-GBM-00029_lh_volume_superiorfrontal,44,353.79136657714844
UPENN-GBM-00054_rh_volume_superiorfrontal,0,24.225919675267424
UPENN-GBM-00054_rh_volume_superiorfrontal,1,23.856722802836533
UPENN-GBM-00054_rh_volume_superiorfrontal,2,24.29331306750773
UPENN-GBM-00054_rh_volume_superiorfrontal,3,23.843545599605548
UPENN-GBM-00054_rh_volume_superiorfrontal,4,24.097656122846143
UPENN-GBM-00054_rh_volume_superiorfrontal,5,23.87365872848216
UPENN-GBM-00054_rh_volume_superiorfrontal,6,24.16108759643118
UPENN-GBM-00054_rh_volume_superiorfrontal,7,23.94889814555543
UPENN-GBM-00054_rh_volume_superiorfrontal,8,23.966863878951383
UPENN-GBM-00054_rh_volume_superiorfrontal,9,24.22383365749289
UPENN-GBM-00054_rh_volume_superiorfrontal,10,24.04735871170588
UPENN-GBM-00054_rh_volume_superiorfrontal,11,23.775076132119004
UPENN-GBM-00054_rh_volume_superiorfrontal,12,24.06419534729432
UPENN-GBM-00054_rh_volume_superiorfrontal,13,24.18103199203923
UPENN-GBM-00054_rh_volume_superiorfrontal,14,24.189427758434537
UPENN-GBM-00054_rh_volume_superiorfrontal,15,23.86791827899377
UPENN-GBM-00054_rh_volume_superiorfrontal,16,24.07152804636332
UPENN-GBM-00054_rh_volume_superiorfrontal,17,20.751934106663303
UPENN-GBM-00054_rh_volume_superiorfrontal,18,23.86518827356601
UPENN-GBM-00054_rh_volume_superiorfrontal,19,21.302175174472374
UPENN-GBM-00054_rh_volume_superiorfrontal,20,19.578394403034032
UPENN-GBM-00054_rh_volume_superiorfrontal,21,19.11408294958694
UPENN-GBM-00054_rh_volume_superiorfrontal,22,20.545134373775948
UPENN-GBM-00054_rh_volume_superiorfrontal,23,21.455818930379547
UPENN-GBM-00054_rh_volume_superiorfrontal,24,22.127022548748307
UPENN-GBM-00054_rh_volume_superiorfrontal,25,23.197023887522416
UPENN-GBM-00054_rh_volume_superiorfrontal,26,23.69730246917916
UPENN-GBM-00054_rh_volume_superiorfrontal,27,23.531321931143136
UPENN-GBM-00054_rh_volume_superiorfrontal,28,23.762553336614552
UPENN-GBM-00054_rh_volume_superiorfrontal,29,23.68889069419092
UPENN-GBM-00054_rh_volume_superiorfrontal,30,23.700523723144062
UPENN-GBM-00054_rh_volume_superiorfrontal,31,23.761995150723827
UPENN-GBM-00054_rh_volume_superiorfrontal,32,23.69414165325567
UPENN-GBM-00054_rh_volume_superiorfrontal,33,23.43501650187069
UPENN-GBM-00054_rh_volume_superiorfrontal,34,24.45209424020697
UPENN-GBM-00054_rh_volume_superiorfrontal,35,23.468283963171352
UPENN-GBM-00054_rh_volume_superiorfrontal,36,23.485464919378348
UPENN-GBM-00054_rh_volume_superiorfrontal,37,23.872200366332585
UPENN-GBM-00054_rh_volume_superiorfrontal,38,24.03304491806145
UPENN-GBM-00054_rh_volume_superiorfrontal,39,23.69914666799497
UPENN-GBM-00054_rh_volume_superiorfrontal,40,22.535575217086564
UPENN-GBM-00054_rh_volume_superiorfrontal,41,23.81302241160036
UPENN-GBM-00054_rh_volume_superiorfrontal,42,24.22784746391216
UPENN-GBM-00054_rh_volume_superiorfrontal,43,23.7968579011457
UPENN-GBM-00054_rh_volume_superiorfrontal,44,23.757189480404293
UPENN-GBM-00054_lh_volume_rostralmiddlefrontal,0,272.82194017442185
UPENN-GBM-00054_lh_volume_rostralmiddlefrontal,1,271.61140290250233
UPENN-GBM-00054_lh_volume_rostralmiddlefrontal,2,271.4706612026112
UPENN-GBM-00054_lh_volume_rostralmiddlefrontal,3,269.9872611202247
UPENN-GBM-00054_lh_volume_rostralmiddlefrontal,4,270.83573161672354
UPENN-GBM-00054_lh_volume_rostralmiddlefrontal,5,272.14822651787995
UPENN-GBM-00054_lh_volume_rostralmiddlefrontal,6,271.0612885132932
UPENN-GBM-00054_lh_volume_rostralmiddlefrontal,7,273.0017717013356
UPENN-GBM-00054_lh_volume_rostralmiddlefrontal,8,272.32050200578635
UPENN-GBM-00054_lh_volume_rostralmiddlefrontal,9,273.9161949558418
UPENN-GBM-00054_lh_volume_rostralmiddlefrontal,10,273.9171765127817
UPENN-GBM-00054_lh_volume_rostralmiddlefrontal,11,272.16062155745726
UPENN-GBM-00054_lh_volume_rostralmiddlefrontal,12,275.73016437592685
UPENN-GBM-00054_lh_volume_rostralmiddlefrontal,13,274.1613533253122
UPENN-GBM-00054_lh_volume_rostralmiddlefrontal,14,270.83133226359024
UPENN-GBM-00054_lh_volume_rostralmiddlefrontal,15,274.8094512523677
UPENN-GBM-00054_lh_volume_rostralmiddlefrontal,16,273.8390471524324
UPENN-GBM-00054_lh_volume_rostralmiddlefrontal,17,240.16797755779007
UPENN-GBM-00054_lh_volume_rostralmiddlefrontal,18,274.8670594543633
UPENN-GBM-00054_lh_volume_rostralmiddlefrontal,19,245.52302935847797
UPENN-GBM-00054_lh_volume_rostralmiddlefrontal,20,238.50788881245745
UPENN-GBM-00054_lh_volume_rostralmiddlefrontal,21,232.0516593819281
UPENN-GBM-00054_lh_volume_rostralmiddlefrontal,22,235.28033236138668
UPENN-GBM-00054_lh_volume_rostralmiddlefrontal,23,245.34453466252936
UPENN-GBM-00054_lh_volume_rostralmiddlefrontal,24,247.5208515875848
UPENN-GBM-00054_lh_volume_rostralmiddlefrontal,25,258.6633801058958
UPENN-GBM-00054_lh_volume_rostralmiddlefrontal,26,261.49796352577226
UPENN-GBM-00054_lh_volume_rostralmiddlefrontal,27,263.53182768136435
UPENN-GBM-00054_lh_volume_rostralmiddlefrontal,28,266.4992132239278
UPENN-GBM-00054_lh_volume_rostralmiddlefrontal,29,269.1051158874693
UPENN-GBM-00054_lh_volume_rostralmiddlefrontal,30,271.45365681561384
UPENN-GBM-00054_lh_volume_rostralmiddlefrontal,31,268.9224566228496
UPENN-GBM-00054_lh_volume_rostralmiddlefrontal,32,268.6577565526406
UPENN-GBM-00054_lh_volume_rostralmiddlefrontal,33,269.0260831458877
UPENN-GBM-00054_lh_volume_rostralmiddlefrontal,34,269.27605063365456
UPENN-GBM-00054_lh_volume_rostralmiddlefrontal,35,267.9775457241456
UPENN-GBM-00054_lh_volume_rostralmiddlefrontal,36,265.4120895736358
UPENN-GBM-00054_lh_volume_rostralmiddlefrontal,37,270.31836651797835
UPENN-GBM-00054_lh_volume_rostralmiddlefrontal,38,271.9164325446825
UPENN-GBM-00054_lh_volume_rostralmiddlefrontal,39,267.3867330658307
UPENN-GBM-00054_lh_volume_rostralmiddlefrontal,40,266.0771125336363
UPENN-GBM-00054_lh_volume_rostralmiddlefrontal,41,250.5110769023879
UPENN-GBM-00054_lh_volume_rostralmiddlefrontal,42,292.22481641928124
UPENN-GBM-00054_lh_volume_rostralmiddlefrontal,43,272.1503277695665
UPENN-GBM-00054_lh_volume_rostralmiddlefrontal,44,270.09987649349864
UPENN-GBM-00054_lh_volume_superiorfrontal,0,304.0689798158018
UPENN-GBM-00054_lh_volume_superiorfrontal,1,298.1425226166271
UPENN-GBM-00054_lh_volume_superiorfrontal,2,305.4908756333533
UPENN-GBM-00054_lh_volume_superiorfrontal,3,301.0933870349457
UPENN-GBM-00054_lh_volume_superiorfrontal,4,304.446490131994
UPENN-GBM-00054_lh_volume_superiorfrontal,5,303.97574652266087
UPENN-GBM-00054_lh_volume_superiorfrontal,6,297.70280410270954
UPENN-GBM-00054_lh_volume_superiorfrontal,7,301.5853113769465
UPENN-GBM-00054_lh_volume_superiorfrontal,8,306.8580109806136
UPENN-GBM-00054_lh_volume_superiorfrontal,9,306.0224315338968
UPENN-GBM-00054_lh_volume_superiorfrontal,10,303.90855527813284
UPENN-GBM-00054_lh_volume_superiorfrontal,11,309.30644014796883
UPENN-GBM-00054_lh_volume_superiorfrontal,12,302.2301395709368
UPENN-GBM-00054_lh_volume_superiorfrontal,13,306.9920654761032
UPENN-GBM-00054_lh_volume_superiorfrontal,14,307.77094400098616
UPENN-GBM-00054_lh_volume_superiorfrontal,15,304.7746451308046
UPENN-GBM-00054_lh_volume_superiorfrontal,16,306.6296652999404
UPENN-GBM-00054_lh_volume_superiorfrontal,17,267.53251194431147
UPENN-GBM-00054_lh_volume_superiorfrontal,18,294.4749169062081
UPENN-GBM-00054_lh_volume_superiorfrontal,19,246.60202784322527
UPENN-GBM-00054_lh_volume_superiorfrontal,20,229.57182122410256
UPENN-GBM-00054_lh_volume_superiorfrontal,21,237.29400826850687
UPENN-GBM-00054_lh_volume_superiorfrontal,22,252.41447152313776
UPENN-GBM-00054_lh_volume_superiorfrontal,23,266.1065503889168
UPENN-GBM-00054_lh_volume_superiorfrontal,24,281.37917776549904
UPENN-GBM-00054_lh_volume_superiorfrontal,25,285.41840753983485
UPENN-GBM-00054_lh_volume_superiorfrontal,26,296.98679884741927
UPENN-GBM-00054_lh_volume_superiorfrontal,27,302.3255316508244
UPENN-GBM-00054_lh_volume_superiorfrontal,28,294.7049337707368
UPENN-GBM-00054_lh_volume_superiorfrontal,29,298.65924816460125
UPENN-GBM-00054_lh_volume_superiorfrontal,30,298.4199137371912
UPENN-GBM-00054_lh_volume_superiorfrontal,31,301.0227990992025
UPENN-GBM-00054_lh_volume_superiorfrontal,32,292.6851634536963
UPENN-GBM-00054_lh_volume_superiorfrontal,33,294.4536411920705
UPENN-GBM-00054_lh_volume_superiorfrontal,34,305.7409450580665
UPENN-GBM-00054_lh_volume_superiorfrontal,35,295.77759692509755
UPENN-GBM-00054_lh_volume_superiorfrontal,36,302.45759340732155
UPENN-GBM-00054_lh_volume_superiorfrontal,37,300.9707174154574
UPENN-GBM-00054_lh_volume_superiorfrontal,38,306.2138025713074
UPENN-GBM-00054_lh_volume_superiorfrontal,39,308.7167564287512
UPENN-GBM-00054_lh_volume_superiorfrontal,40,292.32213593595924
UPENN-GBM-00054_lh_volume_superiorfrontal,41,275.47953435885915
UPENN-GBM-00054_lh_volume_superiorfrontal,42,316.0730346271874
UPENN-GBM-00054_lh_volume_superiorfrontal,43,299.6636451225627
UPENN-GBM-00054_lh_volume_superiorfrontal,44,299.3608517519436
UPENN-GBM-00071_rh_volume_superiorfrontal,0,727.549368051382
UPENN-GBM-00071_rh_volume_superiorfrontal,1,719.017653245192
UPENN-GBM-00071_rh_volume_superiorfrontal,2,724.164804311899
UPENN-GBM-00071_rh_volume_superiorfrontal,3,720.109224759615
UPENN-GBM-00071_rh_volume_superiorfrontal,4,728.357487605168
UPENN-GBM-00071_rh_volume_superiorfrontal,5,735.288846529447
UPENN-GBM-00071_rh_volume_superiorfrontal,6,724.569908728966
UPENN-GBM-00071_rh_volume_superiorfrontal,7,725.717111440805
UPENN-GBM-00071_rh_volume_superiorfrontal,8,723.85207425631
UPENN-GBM-00071_rh_volume_superiorfrontal,9,724.190021221454
UPENN-GBM-00071_rh_volume_superiorfrontal,10,742.109867976262
UPENN-GBM-00071_rh_volume_superiorfrontal,11,732.740379920373
UPENN-GBM-00071_rh_volume_superiorfrontal,12,732.780728853666
UPENN-GBM-00071_rh_volume_superiorfrontal,13,725.797006460337
UPENN-GBM-00071_rh_volume_superiorfrontal,14,676.624225323017
UPENN-GBM-00071_rh_volume_superiorfrontal,15,592.316612830529
UPENN-GBM-00071_rh_volume_superiorfrontal,16,511.398254394531
UPENN-GBM-00071_rh_volume_superiorfrontal,17,488.865251981295
UPENN-GBM-00071_rh_volume_superiorfrontal,18,478.497199425331
UPENN-GBM-00071_rh_volume_superiorfrontal,19,506.014691866361
UPENN-GBM-00071_rh_volume_superiorfrontal,20,522.143585205078
UPENN-GBM-00071_rh_volume_superiorfrontal,21,535.704761211689
UPENN-GBM-00071_rh_volume_superiorfrontal,22,556.328052227314
UPENN-GBM-00071_rh_volume_superiorfrontal,23,560.185546875
UPENN-GBM-00071_rh_volume_superiorfrontal,24,555.657674936148
UPENN-GBM-00071_rh_volume_superiorfrontal,25,578.648169884315
UPENN-GBM-00071_rh_volume_superiorfrontal,26,585.752671461839
UPENN-GBM-00071_rh_volume_superiorfrontal,27,578.495549128606
UPENN-GBM-00071_rh_volume_superiorfrontal,28,590.808729905349
UPENN-GBM-00071_rh_volume_superiorfrontal,29,590.163851224459
UPENN-GBM-00071_rh_volume_superiorfrontal,30,600.719989483173
UPENN-GBM-00071_rh_volume_superiorfrontal,31,616.172414926382
UPENN-GBM-00071_rh_volume_superiorfrontal,32,614.140855055589
UPENN-GBM-00071_rh_volume_superiorfrontal,33,615.443861741286
UPENN-GBM-00071_rh_volume_superiorfrontal,34,620.518784743089
UPENN-GBM-00071_rh_volume_superiorfrontal,35,606.289616511418
UPENN-GBM-00071_rh_volume_superiorfrontal,36,622.368032602164
UPENN-GBM-00071_rh_volume_superiorfrontal,37,623.783160869892
UPENN-GBM-00071_rh_volume_superiorfrontal,38,628.671039287861
UPENN-GBM-00071_rh_volume_superiorfrontal,39,617.745873084435
UPENN-GBM-00071_rh_volume_superiorfrontal,40,627.744347205529
UPENN-GBM-00071_rh_volume_superiorfrontal,41,620.356712928185
UPENN-GBM-00071_rh_volume_superiorfrontal,42,632.632577749399
UPENN-GBM-00071_rh_volume_superiorfrontal,43,636.839280348558
UPENN-GBM-00071_rh_volume_superiorfrontal,44,632.130014272837
UPENN-GBM-00071_lh_volume_rostralmiddlefrontal,0,812.173139089561
UPENN-GBM-00071_lh_volume_rostralmiddlefrontal,1,824.495726068336
UPENN-GBM-00071_lh_volume_rostralmiddlefrontal,2,808.76754723974
UPENN-GBM-00071_lh_volume_rostralmiddlefrontal,3,819.901575295322
UPENN-GBM-00071_lh_volume_rostralmiddlefrontal,4,801.591490228492
UPENN-GBM-00071_lh_volume_rostralmiddlefrontal,5,809.898922104433
UPENN-GBM-00071_lh_volume_rostralmiddlefrontal,6,815.098789444889
UPENN-GBM-00071_lh_volume_rostralmiddlefrontal,7,802.043401143637
UPENN-GBM-00071_lh_volume_rostralmiddlefrontal,8,803.589764330761
UPENN-GBM-00071_lh_volume_rostralmiddlefrontal,9,808.580295792545
UPENN-GBM-00071_lh_volume_rostralmiddlefrontal,10,800.792109845633
UPENN-GBM-00071_lh_volume_rostralmiddlefrontal,11,805.630762307041
UPENN-GBM-00071_lh_volume_rostralmiddlefrontal,12,816.888677757907
UPENN-GBM-00071_lh_volume_rostralmiddlefrontal,13,801.128829036851
UPENN-GBM-00071_lh_volume_rostralmiddlefrontal,14,729.365781485316
UPENN-GBM-00071_lh_volume_rostralmiddlefrontal,15,643.951932976045
UPENN-GBM-00071_lh_volume_rostralmiddlefrontal,16,602.587063157415
UPENN-GBM-00071_lh_volume_rostralmiddlefrontal,17,600.975697896567
UPENN-GBM-00071_lh_volume_rostralmiddlefrontal,18,642.825917439288
UPENN-GBM-00071_lh_volume_rostralmiddlefrontal,19,687.445294115917
UPENN-GBM-00071_lh_volume_rostralmiddlefrontal,20,713.617072047957
UPENN-GBM-00071_lh_volume_rostralmiddlefrontal,21,749.19191438606
UPENN-GBM-00071_lh_volume_rostralmiddlefrontal,22,753.939161921122
UPENN-GBM-00071_lh_volume_rostralmiddlefrontal,23,753.944675675358
UPENN-GBM-00071_lh_volume_rostralmiddlefrontal,24,759.291401690747
UPENN-GBM-00071_lh_volume_rostralmiddlefrontal,25,745.542243681758
UPENN-GBM-00071_lh_volume_rostralmiddlefrontal,26,757.069907314806
UPENN-GBM-00071_lh_volume_rostralmiddlefrontal,27,759.297930246376
UPENN-GBM-00071_lh_volume_rostralmiddlefrontal,28,748.887614422534
UPENN-GBM-00071_lh_volume_rostralmiddlefrontal,29,748.389443271131
UPENN-GBM-00071_lh_volume_rostralmiddlefrontal,30,766.05205600233
UPENN-GBM-00071_lh_volume_rostralmiddlefrontal,31,752.077180058123
UPENN-GBM-00071_lh_volume_rostralmiddlefrontal,32,760.111800228257
UPENN-GBM-00071_lh_volume_rostralmiddlefrontal,33,757.227008130177
UPENN-GBM-00071_lh_volume_rostralmiddlefrontal,34,757.922966279179
UPENN-GBM-00071_lh_volume_rostralmiddlefrontal,35,763.023119823042
UPENN-GBM-00071_lh_volume_rostralmiddlefrontal,36,753.011704042733
UPENN-GBM-00071_lh_volume_rostralmiddlefrontal,37,755.364066618035
UPENN-GBM-00071_lh_volume_rostralmiddlefrontal,38,767.511367981692
UPENN-GBM-00071_lh_volume_rostralmiddlefrontal,39,755.824811452843
UPENN-GBM-00071_lh_volume_rostralmiddlefrontal,40,758.848510006824
UPENN-GBM-00071_lh_volume_rostralmiddlefrontal,41,755.125268407615
UPENN-GBM-00071_lh_volume_rostralmiddlefrontal,42,760.467143231128
UPENN-GBM-00071_lh_volume_rostralmiddlefrontal,43,758.535170221903
UPENN-GBM-00071_lh_volume_rostralmiddlefrontal,44,752.754057734846
UPENN-GBM-00071_lh_volume_superiorfrontal,0,882.918194452922
UPENN-GBM-00071_lh_volume_superiorfrontal,1,873.397505283356
UPENN-GBM-00071_lh_volume_superiorfrontal,2,878.820382118225
UPENN-GBM-00071_lh_volume_superiorfrontal,3,880.094725290934
UPENN-GBM-00071_lh_volume_superiorfrontal,4,882.613236109416
UPENN-GBM-00071_lh_volume_superiorfrontal,5,879.729181289673
UPENN-GBM-00071_lh_volume_superiorfrontal,6,878.604158878326
UPENN-GBM-00071_lh_volume_superiorfrontal,7,879.002850532532
UPENN-GBM-00071_lh_volume_superiorfrontal,8,882.161135991414
UPENN-GBM-00071_lh_volume_superiorfrontal,9,881.811685880025
UPENN-GBM-00071_lh_volume_superiorfrontal,10,879.519145965576
UPENN-GBM-00071_lh_volume_superiorfrontal,11,882.780998547872
UPENN-GBM-00071_lh_volume_superiorfrontal,12,887.330444018046
UPENN-GBM-00071_lh_volume_superiorfrontal,13,865.618318557739
UPENN-GBM-00071_lh_volume_superiorfrontal,14,849.418809572856
UPENN-GBM-00071_lh_volume_superiorfrontal,15,804.517026106517
UPENN-GBM-00071_lh_volume_superiorfrontal,16,757.880342006683
UPENN-GBM-00071_lh_volume_superiorfrontal,17,758.793218612671
UPENN-GBM-00071_lh_volume_superiorfrontal,18,780.933741331101
UPENN-GBM-00071_lh_volume_superiorfrontal,19,795.711946964264
UPENN-GBM-00071_lh_volume_superiorfrontal,20,812.163469632467
UPENN-GBM-00071_lh_volume_superiorfrontal,21,822.574622472127
UPENN-GBM-00071_lh_volume_superiorfrontal,22,834.958772023519
UPENN-GBM-00071_lh_volume_superiorfrontal,23,833.821630795797
UPENN-GBM-00071_lh_volume_superiorfrontal,24,833.007384936015
UPENN-GBM-00071_lh_volume_superiorfrontal,25,838.096987406413
UPENN-GBM-00071_lh_volume_superiorfrontal,26,836.209376653036
UPENN-GBM-00071_lh_volume_superiorfrontal,27,831.360944430033
UPENN-GBM-00071_lh_volume_superiorfrontal,28,834.155035495758
UPENN-GBM-00071_lh_volume_superiorfrontal,29,842.988162676493
UPENN-GBM-00071_lh_volume_superiorfrontal,30,843.851768493652
UPENN-GBM-00071_lh_volume_superiorfrontal,31,851.427211602529
UPENN-GBM-00071_lh_volume_superiorfrontal,32,840.344858646393
UPENN-GBM-00071_lh_volume_superiorfrontal,33,851.633361975352
UPENN-GBM-00071_lh_volume_superiorfrontal,34,853.559128284454
UPENN-GBM-00071_lh_volume_superiorfrontal,35,849.864617029826
UPENN-GBM-00071_lh_volume_superiorfrontal,36,854.756501674652
UPENN-GBM-00071_lh_volume_superiorfrontal,37,849.601027647654
UPENN-GBM-00071_lh_volume_superiorfrontal,38,851.679701328278
UPENN-GBM-00071_lh_volume_superiorfrontal,39,848.247372786204
UPENN-GBM-00071_lh_volume_superiorfrontal,40,849.160095532735
UPENN-GBM-00071_lh_volume_superiorfrontal,41,855.881463050842
UPENN-GBM-00071_lh_volume_superiorfrontal,42,859.47759215037
UPENN-GBM-00071_lh_volume_superiorfrontal,43,849.672310511271
UPENN-GBM-00071_lh_volume_superiorfrontal,44,855.971018950144
UPENN-GBM-00125_rh_volume_superiorfrontal,0,475.61340409290943
UPENN-GBM-00125_rh_volume_superiorfrontal,1,482.9031684972063
UPENN-GBM-00125_rh_volume_superiorfrontal,2,472.36993755871737
UPENN-GBM-00125_rh_volume_superiorfrontal,3,474.0695545824268
UPENN-GBM-00125_rh_volume_superiorfrontal,4,472.7731056696252
UPENN-GBM-00125_rh_volume_superiorfrontal,5,478.7236644889735
UPENN-GBM-00125_rh_volume_superiorfrontal,6,470.2140039371539
UPENN-GBM-00125_rh_volume_superiorfrontal,7,477.8711810534513
UPENN-GBM-00125_rh_volume_superiorfrontal,8,474.64689114727554
UPENN-GBM-00125_rh_volume_superiorfrontal,9,482.00849393047866
UPENN-GBM-00125_rh_volume_superiorfrontal,10,472.6743550360957
UPENN-GBM-00125_rh_volume_superiorfrontal,11,477.9660119165348
UPENN-GBM-00125_rh_volume_superiorfrontal,12,478.6624821530113
UPENN-GBM-00125_rh_volume_superiorfrontal,13,483.8706131947192
UPENN-GBM-00125_rh_volume_superiorfrontal,14,487.9921222155607
UPENN-GBM-00125_rh_volume_superiorfrontal,15,480.65286795700655
UPENN-GBM-00125_rh_volume_superiorfrontal,16,480.54201536540745
UPENN-GBM-00125_rh_volume_superiorfrontal,17,458.7515880729579
UPENN-GBM-00125_rh_volume_superiorfrontal,18,422.43688887584057
UPENN-GBM-00125_rh_volume_superiorfrontal,19,398.6259479764142
UPENN-GBM-00125_rh_volume_superiorfrontal,20,368.03015098088906
UPENN-GBM-00125_rh_volume_superiorfrontal,21,342.01305978509447
UPENN-GBM-00125_rh_volume_superiorfrontal,22,309.15122193928005
UPENN-GBM-00125_rh_volume_superiorfrontal,23,294.4784951511818
UPENN-GBM-00125_rh_volume_superiorfrontal,24,298.2925090548358
UPENN-GBM-00125_rh_volume_superiorfrontal,25,304.71807050101364
UPENN-GBM-00125_rh_volume_superiorfrontal,26,313.74064462396166
UPENN-GBM-00125_rh_volume_superiorfrontal,27,329.5130792931665
UPENN-GBM-00125_rh_volume_superiorfrontal,28,339.6309816384617
UPENN-GBM-00125_rh_volume_superiorfrontal,29,349.5516871198824
UPENN-GBM-00125_rh_volume_superiorfrontal,30,348.8859936677957
UPENN-GBM-00125_rh_volume_superiorfrontal,31,342.79286657405805
UPENN-GBM-00125_rh_volume_superiorfrontal,32,340.28295666658425
UPENN-GBM-00125_rh_volume_superiorfrontal,33,346.61706118040445
UPENN-GBM-00125_rh_volume_superiorfrontal,34,342.5426788330078
UPENN-GBM-00125_rh_volume_superiorfrontal,35,346.20319395427464
UPENN-GBM-00125_rh_volume_superiorfrontal,36,359.11512601828275
UPENN-GBM-00125_rh_volume_superiorfrontal,37,356.64414572413966
UPENN-GBM-00125_rh_volume_superiorfrontal,38,369.6594242144234
UPENN-GBM-00125_rh_volume_superiorfrontal,39,376.6780774080301
UPENN-GBM-00125_rh_volume_superiorfrontal,40,377.5911268403258
UPENN-GBM-00125_rh_volume_superiorfrontal,41,379.9383863618102
UPENN-GBM-00125_rh_volume_superiorfrontal,42,386.3701668268517
UPENN-GBM-00125_rh_volume_superiorfrontal,43,390.7610261168661
UPENN-GBM-00125_rh_volume_superiorfrontal,44,391.3449040666411
UPENN-GBM-00125_lh_volume_rostralmiddlefrontal,0,436.15816712269583
UPENN-GBM-00125_lh_volume_rostralmiddlefrontal,1,432.81045686923966
UPENN-GBM-00125_lh_volume_rostralmiddlefrontal,2,435.0543961063508
UPENN-GBM-00125_lh_volume_rostralmiddlefrontal,3,433.3620900800151
UPENN-GBM-00125_lh_volume_rostralmiddlefrontal,4,431.0274040819862
UPENN-GBM-00125_lh_volume_rostralmiddlefrontal,5,435.0072991858979
UPENN-GBM-00125_lh_volume_rostralmiddlefrontal,6,435.7386341007074
UPENN-GBM-00125_lh_volume_rostralmiddlefrontal,7,435.5814505722116
UPENN-GBM-00125_lh_volume_rostralmiddlefrontal,8,436.0145708075317
UPENN-GBM-00125_lh_volume_rostralmiddlefrontal,9,435.9496350266417
UPENN-GBM-00125_lh_volume_rostralmiddlefrontal,10,432.08412529026856
UPENN-GBM-00125_lh_volume_rostralmiddlefrontal,11,433.17630398658014
UPENN-GBM-00125_lh_volume_rostralmiddlefrontal,12,437.2218897946968
UPENN-GBM-00125_lh_volume_rostralmiddlefrontal,13,434.4338979413432
UPENN-GBM-00125_lh_volume_rostralmiddlefrontal,14,439.38235768964216
UPENN-GBM-00125_lh_volume_rostralmiddlefrontal,15,442.0006525417627
UPENN-GBM-00125_lh_volume_rostralmiddlefrontal,16,433.5845241282942
UPENN-GBM-00125_lh_volume_rostralmiddlefrontal,17,415.12563144666257
UPENN-GBM-00125_lh_volume_rostralmiddlefrontal,18,393.29549080984935
UPENN-GBM-00125_lh_volume_rostralmiddlefrontal,19,372.67693873814176
UPENN-GBM-00125_lh_volume_rostralmiddlefrontal,20,355.4954523886404
UPENN-GBM-00125_lh_volume_rostralmiddlefrontal,21,332.1518364831599
UPENN-GBM-00125_lh_volume_rostralmiddlefrontal,22,311.4510711810556
UPENN-GBM-00125_lh_volume_rostralmiddlefrontal,23,302.80865499610724
UPENN-GBM-00125_lh_volume_rostralmiddlefrontal,24,312.1927978234357
UPENN-GBM-00125_lh_volume_rostralmiddlefrontal,25,323.9787226382488
UPENN-GBM-00125_lh_volume_rostralmiddlefrontal,26,337.71966468353975
UPENN-GBM-00125_lh_volume_rostralmiddlefrontal,27,359.5682993242818
UPENN-GBM-00125_lh_volume_rostralmiddlefrontal,28,370.1429645872336
UPENN-GBM-00125_lh_volume_rostralmiddlefrontal,29,372.8477749450965
UPENN-GBM-00125_lh_volume_rostralmiddlefrontal,30,371.4094490719281
UPENN-GBM-00125_lh_volume_rostralmiddlefrontal,31,373.8824172481414
UPENN-GBM-00125_lh_volume_rostralmiddlefrontal,32,372.9051522813085
UPENN-GBM-00125_lh_volume_rostralmiddlefrontal,33,368.9106640090591
UPENN-GBM-00125_lh_volume_rostralmiddlefrontal,34,373.3748780000045
UPENN-GBM-00125_lh_volume_rostralmiddlefrontal,35,371.6731384558612
UPENN-GBM-00125_lh_volume_rostralmiddlefrontal,36,376.0956072829286
UPENN-GBM-00125_lh_volume_rostralmiddlefrontal,37,380.3137804022583
UPENN-GBM-00125_lh_volume_rostralmiddlefrontal,38,384.5586672312653
UPENN-GBM-00125_lh_volume_rostralmiddlefrontal,39,388.81956988216
UPENN-GBM-00125_lh_volume_rostralmiddlefrontal,40,390.7959271971531
UPENN-GBM-00125_lh_volume_rostralmiddlefrontal,41,388.50919676046766
UPENN-GBM-00125_lh_volume_rostralmiddlefrontal,42,393.40618889452674
UPENN-GBM-00125_lh_volume_rostralmiddlefrontal,43,390.8990235218804
UPENN-GBM-00125_lh_volume_rostralmiddlefrontal,44,390.9360774167672
UPENN-GBM-00125_lh_volume_superiorfrontal,0,463.1791640571926
UPENN-GBM-00125_lh_volume_superiorfrontal,1,468.58622177787447
UPENN-GBM-00125_lh_volume_superiorfrontal,2,465.56483459472656
UPENN-GBM-00125_lh_volume_superiorfrontal,3,464.6817053089971
UPENN-GBM-00125_lh_volume_superiorfrontal,4,464.05827464228094
UPENN-GBM-00125_lh_volume_superiorfrontal,5,471.91247724450153
UPENN-GBM-00125_lh_volume_superiorfrontal,6,467.8586525295092
UPENN-GBM-00125_lh_volume_superiorfrontal,7,471.7678929204526
UPENN-GBM-00125_lh_volume_superiorfrontal,8,469.9908314580503
UPENN-GBM-00125_lh_volume_superiorfrontal,9,471.55576457148015
UPENN-GBM-00125_lh_volume_superiorfrontal,10,470.8572599991508
UPENN-GBM-00125_lh_volume_superiorfrontal,11,481.14781155793565
UPENN-GBM-00125_lh_volume_superiorfrontal,12,476.1357637488324
UPENN-GBM-00125_lh_volume_superiorfrontal,13,480.1218550308891
UPENN-GBM-00125_lh_volume_superiorfrontal,14,477.4594524217688
UPENN-GBM-00125_lh_volume_superiorfrontal,15,483.0837823619013
UPENN-GBM-00125_lh_volume_superiorfrontal,16,475.7695451819378
UPENN-GBM-00125_lh_volume_superiorfrontal,17,448.46081261012864
UPENN-GBM-00125_lh_volume_superiorfrontal,18,421.29024588543433
UPENN-GBM-00125_lh_volume_superiorfrontal,19,392.494967750881
UPENN-GBM-00125_lh_volume_superiorfrontal,20,375.13516749506414
UPENN-GBM-00125_lh_volume_superiorfrontal,21,344.10755771139395
UPENN-GBM-00125_lh_volume_superiorfrontal,22,325.875544672427
UPENN-GBM-00125_lh_volume_superiorfrontal,23,317.9167072461999
UPENN-GBM-00125_lh_volume_superiorfrontal,24,331.65229216865873
UPENN-GBM-00125_lh_volume_superiorfrontal,25,353.27279347958773
UPENN-GBM-00125_lh_volume_superiorfrontal,26,370.2425950091818
UPENN-GBM-00125_lh_volume_superiorfrontal,27,393.9931191154148
UPENN-GBM-00125_lh_volume_superiorfrontal,28,402.686686474344
UPENN-GBM-00125_lh_volume_superiorfrontal,29,401.67558570530105
UPENN-GBM-00125_lh_volume_superiorfrontal,30,404.2553886745287
UPENN-GBM-00125_lh_volume_superiorfrontal,31,405.0603455253269
UPENN-GBM-00125_lh_volume_superiorfrontal,32,397.65025578374446
UPENN-GBM-00125_lh_volume_superiorfrontal,33,396.3215623938519
UPENN-GBM-00125_lh_volume_superiorfrontal,34,398.145275613536
UPENN-GBM-00125_lh_volume_superiorfrontal,35,406.5744698565939
UPENN-GBM-00125_lh_volume_superiorfrontal,36,405.72245622717816
UPENN-GBM-00125_lh_volume_superiorfrontal,37,420.3286031640095
UPENN-GBM-00125_lh_volume_superiorfrontal,38,425.80022612861967
UPENN-GBM-00125_lh_volume_superiorfrontal,39,425.2189291249151
UPENN-GBM-00125_lh_volume_superiorfrontal,40,426.33316919078
UPENN-GBM-00125_lh_volume_superiorfrontal,41,426.9177967569103
UPENN-GBM-00125_lh_volume_superiorfrontal,42,428.6772530597189
UPENN-GBM-00125_lh_volume_superiorfrontal,43,432.1452759452488
UPENN-GBM-00125_lh_volume_superiorfrontal,44,427.7037462980851
UPENN-GBM-00249_rh_volume_superiorfrontal,0,714.000201120251
UPENN-GBM-00249_rh_volume_superiorfrontal,1,737.108191267509
UPENN-GBM-00249_rh_volume_superiorfrontal,2,733.008573960628
UPENN-GBM-00249_rh_volume_superiorfrontal,3,736.661290912376
UPENN-GBM-00249_rh_volume_superiorfrontal,4,747.310043133303
UPENN-GBM-00249_rh_volume_superiorfrontal,5,727.632805105873
UPENN-GBM-00249_rh_volume_superiorfrontal,6,752.016581665577
UPENN-GBM-00249_rh_volume_superiorfrontal,7,727.548020955224
UPENN-GBM-00249_rh_volume_superiorfrontal,8,728.296995053732
UPENN-GBM-00249_rh_volume_superiorfrontal,9,694.538693734728
UPENN-GBM-00249_rh_volume_superiorfrontal,10,623.515771538151
UPENN-GBM-00249_rh_volume_superiorfrontal,11,641.059503496481
UPENN-GBM-00249_rh_volume_superiorfrontal,12,690.225565233945
UPENN-GBM-00249_rh_volume_superiorfrontal,13,670.375611359853
UPENN-GBM-00249_rh_volume_superiorfrontal,14,591.994499710688
UPENN-GBM-00249_rh_volume_superiorfrontal,15,464.416967366761
UPENN-GBM-00249_rh_volume_superiorfrontal,16,359.65271984218
UPENN-GBM-00249_rh_volume_superiorfrontal,17,358.216781817869
UPENN-GBM-00249_rh_volume_superiorfrontal,18,416.284261249761
UPENN-GBM-00249_rh_volume_superiorfrontal,19,494.642258051734
UPENN-GBM-00249_rh_volume_superiorfrontal,20,554.859041340026
UPENN-GBM-00249_rh_volume_superiorfrontal,21,628.496259277613
UPENN-GBM-00249_rh_volume_superiorfrontal,22,659.10213317535
UPENN-GBM-00249_rh_volume_superiorfrontal,23,640.551864355146
UPENN-GBM-00249_rh_volume_superiorfrontal,24,631.115262439072
UPENN-GBM-00249_rh_volume_superiorfrontal,25,630.335706845254
UPENN-GBM-00249_rh_volume_superiorfrontal,26,649.886306460208
UPENN-GBM-00249_rh_volume_superiorfrontal,27,646.254966574093
UPENN-GBM-00249_rh_volume_superiorfrontal,28,668.286615396911
UPENN-GBM-00249_rh_volume_superiorfrontal,29,674.450320911828
UPENN-GBM-00249_rh_volume_superiorfrontal,30,682.521361498056
UPENN-GBM-00249_rh_volume_superiorfrontal,31,672.265743474078
UPENN-GBM-00249_rh_volume_superiorfrontal,32,742.943820146737
UPENN-GBM-00249_rh_volume_superiorfrontal,33,730.006400036917
UPENN-GBM-00249_rh_volume_superiorfrontal,34,727.825736965902
UPENN-GBM-00249_rh_volume_superiorfrontal,35,729.316613436796
UPENN-GBM-00249_rh_volume_superiorfrontal,36,732.7014503479
UPENN-GBM-00249_rh_volume_superiorfrontal,37,724.656180621244
UPENN-GBM-00249_rh_volume_superiorfrontal,38,730.567385955004
UPENN-GBM-00249_rh_volume_superiorfrontal,39,725.498235500857
UPENN-GBM-00249_rh_volume_superiorfrontal,40,725.594353327142
UPENN-GBM-00249_rh_volume_superiorfrontal,41,717.537377059197
UPENN-GBM-00249_rh_volume_superiorfrontal,42,721.091308022386
UPENN-GBM-00249_rh_volume_superiorfrontal,43,750.988455616955
UPENN-GBM-00249_rh_volume_superiorfrontal,44,726.746748701591
UPENN-GBM-00249_lh_volume_rostralmiddlefrontal,0,624.064983065166
UPENN-GBM-00249_lh_volume_rostralmiddlefrontal,1,627.178628346277
UPENN-GBM-00249_lh_volume_rostralmiddlefrontal,2,623.477224683005
UPENN-GBM-00249_lh_volume_rostralmiddlefrontal,3,625.346163068499
UPENN-GBM-00249_lh_volume_rostralmiddlefrontal,4,628.27762785412
UPENN-GBM-00249_lh_volume_rostralmiddlefrontal,5,620.826884920635
UPENN-GBM-00249_lh_volume_rostralmiddlefrontal,6,626.025223020523
UPENN-GBM-00249_lh_volume_rostralmiddlefrontal,7,618.348379225958
UPENN-GBM-00249_lh_volume_rostralmiddlefrontal,8,626.307654971168
UPENN-GBM-00249_lh_volume_rostralmiddlefrontal,9,615.893768310547
UPENN-GBM-00249_lh_volume_rostralmiddlefrontal,10,599.634973435175
UPENN-GBM-00249_lh_volume_rostralmiddlefrontal,11,598.300978887649
UPENN-GBM-00249_lh_volume_rostralmiddlefrontal,12,614.808474586124
UPENN-GBM-00249_lh_volume_rostralmiddlefrontal,13,607.100917271205
UPENN-GBM-00249_lh_volume_rostralmiddlefrontal,14,559.145603240482
UPENN-GBM-00249_lh_volume_rostralmiddlefrontal,15,464.655908735972
UPENN-GBM-00249_lh_volume_rostralmiddlefrontal,16,396.511222839355
UPENN-GBM-00249_lh_volume_rostralmiddlefrontal,17,411.840891035776
UPENN-GBM-00249_lh_volume_rostralmiddlefrontal,18,455.975712488568
UPENN-GBM-00249_lh_volume_rostralmiddlefrontal,19,509.462379697769
UPENN-GBM-00249_lh_volume_rostralmiddlefrontal,20,551.497315785242
UPENN-GBM-00249_lh_volume_rostralmiddlefrontal,21,574.837255084325
UPENN-GBM-00249_lh_volume_rostralmiddlefrontal,22,582.402218531048
UPENN-GBM-00249_lh_volume_rostralmiddlefrontal,23,567.66663542248
UPENN-GBM-00249_lh_volume_rostralmiddlefrontal,24,566.549001057943
UPENN-GBM-00249_lh_volume_rostralmiddlefrontal,25,570.730912465898
UPENN-GBM-00249_lh_volume_rostralmiddlefrontal,26,567.221079266261
UPENN-GBM-00249_lh_volume_rostralmiddlefrontal,27,582.72739059206
UPENN-GBM-00249_lh_volume_rostralmiddlefrontal,28,586.513719588991
UPENN-GBM-00249_lh_volume_rostralmiddlefrontal,29,600.3797859313
UPENN-GBM-00249_lh_volume_rostralmiddlefrontal,30,596.469326927548
UPENN-GBM-00249_lh_volume_rostralmiddlefrontal,31,596.691741701156
UPENN-GBM-00249_lh_volume_rostralmiddlefrontal,32,616.197556510804
UPENN-GBM-00249_lh_volume_rostralmiddlefrontal,33,611.369655064174
UPENN-GBM-00249_lh_volume_rostralmiddlefrontal,34,611.624022468688
UPENN-GBM-00249_lh_volume_rostralmiddlefrontal,35,616.041218106709
UPENN-GBM-00249_lh_volume_rostralmiddlefrontal,36,616.152239844913
UPENN-GBM-00249_lh_volume_rostralmiddlefrontal,37,613.891902136424
UPENN-GBM-00249_lh_volume_rostralmiddlefrontal,38,609.782232133169
UPENN-GBM-00249_lh_volume_rostralmiddlefrontal,39,609.970588805184
UPENN-GBM-00249_lh_volume_rostralmiddlefrontal,40,610.804770575629
UPENN-GBM-00249_lh_volume_rostralmiddlefrontal,41,613.448359655956
UPENN-GBM-00249_lh_volume_rostralmiddlefrontal,42,611.391995868986
UPENN-GBM-00249_lh_volume_rostralmiddlefrontal,43,623.579126267206
UPENN-GBM-00249_lh_volume_rostralmiddlefrontal,44,612.653627183702
UPENN-GBM-00249_lh_volume_superiorfrontal,0,701.179238232699
UPENN-GBM-00249_lh_volume_superiorfrontal,1,704.811042698947
UPENN-GBM-00249_lh_volume_superiorfrontal,2,707.958209904757
UPENN-GBM-00249_lh_volume_superiorfrontal,3,708.7155603929
UPENN-GBM-00249_lh_volume_superiorfrontal,4,707.913101196289
UPENN-GBM-00249_lh_volume_superiorfrontal,5,705.473182331432
UPENN-GBM-00249_lh_volume_superiorfrontal,6,712.491826317527
UPENN-GBM-00249_lh_volume_superiorfrontal,7,704.423812866211
UPENN-GBM-00249_lh_volume_superiorfrontal,8,696.715885162354
UPENN-GBM-00249_lh_volume_superiorfrontal,9,690.223113493486
UPENN-GBM-00249_lh_volume_superiorfrontal,10,679.951384977861
UPENN-GBM-00249_lh_volume_superiorfrontal,11,666.591934897683
UPENN-GBM-00249_lh_volume_superiorfrontal,12,696.772252516313
UPENN-GBM-00249_lh_volume_superiorfrontal,13,689.089964259755
UPENN-GBM-00249_lh_volume_superiorfrontal,14,626.584403298118
UPENN-GBM-00249_lh_volume_superiorfrontal,15,487.507327253168
UPENN-GBM-00249_lh_volume_superiorfrontal,16,394.869183670391
UPENN-GBM-00249_lh_volume_superiorfrontal,17,403.657458370382
UPENN-GBM-00249_lh_volume_superiorfrontal,18,461.501819350503
UPENN-GBM-00249_lh_volume_superiorfrontal,19,527.866431106221
UPENN-GBM-00249_lh_volume_superiorfrontal,20,582.277492003007
UPENN-GBM-00249_lh_volume_superiorfrontal,21,608.712706565857
UPENN-GBM-00249_lh_volume_superiorfrontal,22,617.306136824868
UPENN-GBM-00249_lh_volume_superiorfrontal,23,595.326038967479
UPENN-GBM-00249_lh_volume_superiorfrontal,24,594.134458281777
UPENN-GBM-00249_lh_volume_superiorfrontal,25,596.122046470642
UPENN-GBM-00249_lh_volume_superiorfrontal,26,612.475996797735
UPENN-GBM-00249_lh_volume_superiorfrontal,27,629.917798215693
UPENN-GBM-00249_lh_volume_superiorfrontal,28,639.342799273404
UPENN-GBM-00249_lh_volume_superiorfrontal,29,650.145472873341
UPENN-GBM-00249_lh_volume_superiorfrontal,30,652.539436080239
UPENN-GBM-00249_lh_volume_superiorfrontal,31,653.706974376332
UPENN-GBM-00249_lh_volume_superiorfrontal,32,673.664198962125
UPENN-GBM-00249_lh_volume_superiorfrontal,33,669.061860691417
UPENN-GBM-00249_lh_volume_superiorfrontal,34,674.215710900047
UPENN-GBM-00249_lh_volume_superiorfrontal,35,676.331994403492
UPENN-GBM-00249_lh_volume_superiorfrontal,36,674.288040161133
UPENN-GBM-00249_lh_volume_superiorfrontal,37,674.219271139665
UPENN-GBM-00249_lh_volume_superiorfrontal,38,672.276709209789
UPENN-GBM-00249_lh_volume_superiorfrontal,39,676.113454818726
UPENN-GBM-00249_lh_volume_superiorfrontal,40,675.545137232
UPENN-GBM-00249_lh_volume_superiorfrontal,41,678.893879717047
UPENN-GBM-00249_lh_volume_superiorfrontal,42,675.402552084489
UPENN-GBM-00249_lh_volume_superiorfrontal,43,685.958387721669
UPENN-GBM-00249_lh_volume_superiorfrontal,44,681.826711481268
UPENN-GBM-00365_rh_volume_superiorfrontal,0,568.4540971524453
UPENN-GBM-00365_rh_volume_superiorfrontal,1,561.478780669284
UPENN-GBM-00365_rh_volume_superiorfrontal,2,563.3752810086818
UPENN-GBM-00365_rh_volume_superiorfrontal,3,556.3453884235007
UPENN-GBM-00365_rh_volume_superiorfrontal,4,564.5250873014417
UPENN-GBM-00365_rh_volume_superiorfrontal,5,560.848431449405
UPENN-GBM-00365_rh_volume_superiorfrontal,6,564.492460129578
UPENN-GBM-00365_rh_volume_superiorfrontal,7,560.7955946729362
UPENN-GBM-00365_rh_volume_superiorfrontal,8,561.1387484335486
UPENN-GBM-00365_rh_volume_superiorfrontal,9,564.9298305621726
UPENN-GBM-00365_rh_volume_superiorfrontal,10,565.7523315958894
UPENN-GBM-00365_rh_volume_superiorfrontal,11,569.2035312542337
UPENN-GBM-00365_rh_volume_superiorfrontal,12,563.115757848486
UPENN-GBM-00365_rh_volume_superiorfrontal,13,564.1535494589392
UPENN-GBM-00365_rh_volume_superiorfrontal,14,571.1358745773404
UPENN-GBM-00365_rh_volume_superiorfrontal,15,563.7381474489422
UPENN-GBM-00365_rh_volume_superiorfrontal,16,539.5581004412877
UPENN-GBM-00365_rh_volume_superiorfrontal,17,502.7921075545294
UPENN-GBM-00365_rh_volume_superiorfrontal,18,464.9557069105909
UPENN-GBM-00365_rh_volume_superiorfrontal,19,457.20996230461697
UPENN-GBM-00365_rh_volume_superiorfrontal,20,464.6485695811365
UPENN-GBM-00365_rh_volume_superiorfrontal,21,478.803309093321
UPENN-GBM-00365_rh_volume_superiorfrontal,22,497.9589374520186
UPENN-GBM-00365_rh_volume_superiorfrontal,23,515.1199796819963
UPENN-GBM-00365_rh_volume_superiorfrontal,24,522.1542870846787
UPENN-GBM-00365_rh_volume_superiorfrontal,25,532.5018332597148
UPENN-GBM-00365_rh_volume_superiorfrontal,26,534.1549544141471
UPENN-GBM-00365_rh_volume_superiorfrontal,27,530.9527081616352
UPENN-GBM-00365_rh_volume_superiorfrontal,28,530.6064417844563
UPENN-GBM-00365_rh_volume_superiorfrontal,29,528.181313839951
UPENN-GBM-00365_rh_volume_superiorfrontal,30,529.1926289817501
UPENN-GBM-00365_rh_volume_superiorfrontal,31,539.8866274618689
UPENN-GBM-00365_rh_volume_superiorfrontal,32,533.0967344603787
UPENN-GBM-00365_rh_volume_superiorfrontal,33,543.5206526386944
UPENN-GBM-00365_rh_volume_superiorfrontal,34,552.7707126154376
UPENN-GBM-00365_rh_volume_superiorfrontal,35,588.4188527013525
UPENN-GBM-00365_rh_volume_superiorfrontal,36,580.3626253866736
UPENN-GBM-00365_rh_volume_superiorfrontal,37,567.111268324659
UPENN-GBM-00365_rh_volume_superiorfrontal,38,569.4851419967034
UPENN-GBM-00365_rh_volume_superiorfrontal,39,561.0889111998454
UPENN-GBM-00365_rh_volume_superiorfrontal,40,555.4808406940085
UPENN-GBM-00365_rh_volume_superiorfrontal,41,563.2217270514868
UPENN-GBM-00365_rh_volume_superiorfrontal,42,554.0918908091638
UPENN-GBM-00365_rh_volume_superiorfrontal,43,558.3882588292822
UPENN-GBM-00365_rh_volume_superiorfrontal,44,546.5580666602691
UPENN-GBM-00365_lh_volume_rostralmiddlefrontal,0,366.5743408203125
UPENN-GBM-00365_lh_volume_rostralmiddlefrontal,1,364.8889770507813
UPENN-GBM-00365_lh_volume_rostralmiddlefrontal,2,347.7833404541016
UPENN-GBM-00365_lh_volume_rostralmiddlefrontal,3,376.3914031982422
UPENN-GBM-00365_lh_volume_rostralmiddlefrontal,4,365.8157348632813
UPENN-GBM-00365_lh_volume_rostralmiddlefrontal,5,370.7753753662109
UPENN-GBM-00365_lh_volume_rostralmiddlefrontal,6,336.39532470703125
UPENN-GBM-00365_lh_volume_rostralmiddlefrontal,7,369.9462890625
UPENN-GBM-00365_lh_volume_rostralmiddlefrontal,8,365.71278381347656
UPENN-GBM-00365_lh_volume_rostralmiddlefrontal,9,372.921875
UPENN-GBM-00365_lh_volume_rostralmiddlefrontal,10,393.2334899902344
UPENN-GBM-00365_lh_volume_rostralmiddlefrontal,11,340.9596252441406
UPENN-GBM-00365_lh_volume_rostralmiddlefrontal,12,346.9541931152344
UPENN-GBM-00365_lh_volume_rostralmiddlefrontal,13,362.3702545166016
UPENN-GBM-00365_lh_volume_rostralmiddlefrontal,14,362.1722106933594
UPENN-GBM-00365_lh_volume_rostralmiddlefrontal,15,353.781982421875
UPENN-GBM-00365_lh_volume_rostralmiddlefrontal,16,351.38673400878906
UPENN-GBM-00365_lh_volume_rostralmiddlefrontal,17,314.1070098876953
UPENN-GBM-00365_lh_volume_rostralmiddlefrontal,18,259.7301177978516
UPENN-GBM-00365_lh_volume_rostralmiddlefrontal,19,270.61045837402344
UPENN-GBM-00365_lh_volume_rostralmiddlefrontal,20,285.8336944580078
UPENN-GBM-00365_lh_volume_rostralmiddlefrontal,21,298.99000549316406
UPENN-GBM-00365_lh_volume_rostralmiddlefrontal,22,341.3453674316406
UPENN-GBM-00365_lh_volume_rostralmiddlefrontal,23,336.65399169921875
UPENN-GBM-00365_lh_volume_rostralmiddlefrontal,24,315.04820251464844
UPENN-GBM-00365_lh_volume_rostralmiddlefrontal,25,347.6911315917969
UPENN-GBM-00365_lh_volume_rostralmiddlefrontal,26,336.8442840576172
UPENN-GBM-00365_lh_volume_rostralmiddlefrontal,27,350.9752197265625
UPENN-GBM-00365_lh_volume_rostralmiddlefrontal,28,336.1378326416016
UPENN-GBM-00365_lh_volume_rostralmiddlefrontal,29,358.7186889648437
UPENN-GBM-00365_lh_volume_rostralmiddlefrontal,30,355.3298645019531
UPENN-GBM-00365_lh_volume_rostralmiddlefrontal,31,342.15283203125
UPENN-GBM-00365_lh_volume_rostralmiddlefrontal,32,332.0571746826172
UPENN-GBM-00365_lh_volume_rostralmiddlefrontal,33,345.5069580078125
UPENN-GBM-00365_lh_volume_rostralmiddlefrontal,34,354.775390625
UPENN-GBM-00365_lh_volume_rostralmiddlefrontal,35,338.9923095703125
UPENN-GBM-00365_lh_volume_rostralmiddlefrontal,36,345.4170379638672
UPENN-GBM-00365_lh_volume_rostralmiddlefrontal,37,364.3600769042969
UPENN-GBM-00365_lh_volume_rostralmiddlefrontal,38,342.5362854003906
UPENN-GBM-00365_lh_volume_rostralmiddlefrontal,39,343.2843017578125
UPENN-GBM-00365_lh_volume_rostralmiddlefrontal,40,357.419189453125
UPENN-GBM-00365_lh_volume_rostralmiddlefrontal,41,317.0775451660156
UPENN-GBM-00365_lh_volume_rostralmiddlefrontal,42,333.65850830078125
UPENN-GBM-00365_lh_volume_rostralmiddlefrontal,43,320.6670379638672
UPENN-GBM-00365_lh_volume_rostralmiddlefrontal,44,330.78924560546875
UPENN-GBM-00365_lh_volume_superiorfrontal,0,442.567114788553
UPENN-GBM-00365_lh_volume_superiorfrontal,1,441.6466201561085
UPENN-GBM-00365_lh_volume_superiorfrontal,2,439.0354295813519
UPENN-GBM-00365_lh_volume_superiorfrontal,3,432.1224657141644
UPENN-GBM-00365_lh_volume_superiorfrontal,4,442.27479486880094
UPENN-GBM-00365_lh_volume_superiorfrontal,5,453.223094995471
UPENN-GBM-00365_lh_volume_superiorfrontal,6,434.4268604223279
UPENN-GBM-00365_lh_volume_superiorfrontal,7,445.56622225996375
UPENN-GBM-00365_lh_volume_superiorfrontal,8,442.8086618616961
UPENN-GBM-00365_lh_volume_superiorfrontal,9,432.2808837890625
UPENN-GBM-00365_lh_volume_superiorfrontal,10,447.3711623039799
UPENN-GBM-00365_lh_volume_superiorfrontal,11,433.8295628644418
UPENN-GBM-00365_lh_volume_superiorfrontal,12,451.2291113811991
UPENN-GBM-00365_lh_volume_superiorfrontal,13,437.0423632635586
UPENN-GBM-00365_lh_volume_superiorfrontal,14,439.6574370895607
UPENN-GBM-00365_lh_volume_superiorfrontal,15,441.97209587650025
UPENN-GBM-00365_lh_volume_superiorfrontal,16,424.2434325287308
UPENN-GBM-00365_lh_volume_superiorfrontal,17,403.3863175986469
UPENN-GBM-00365_lh_volume_superiorfrontal,18,371.4899690047554
UPENN-GBM-00365_lh_volume_superiorfrontal,19,360.0904837345731
UPENN-GBM-00365_lh_volume_superiorfrontal,20,339.43872844309044
UPENN-GBM-00365_lh_volume_superiorfrontal,21,366.6861603225487
UPENN-GBM-00365_lh_volume_superiorfrontal,22,372.0838198454484
UPENN-GBM-00365_lh_volume_superiorfrontal,23,383.0834987474525
UPENN-GBM-00365_lh_volume_superiorfrontal,24,405.1951170105865
UPENN-GBM-00365_lh_volume_superiorfrontal,25,403.6170189898947
UPENN-GBM-00365_lh_volume_superiorfrontal,26,412.9577353657156
UPENN-GBM-00365_lh_volume_superiorfrontal,27,405.3459547844486
UPENN-GBM-00365_lh_volume_superiorfrontal,28,409.1576546931613
UPENN-GBM-00365_lh_volume_superiorfrontal,29,416.6922952403193
UPENN-GBM-00365_lh_volume_superiorfrontal,30,413.3395412279212
UPENN-GBM-00365_lh_volume_superiorfrontal,31,395.4294243411741
UPENN-GBM-00365_lh_volume_superiorfrontal,32,415.6749170275702
UPENN-GBM-00365_lh_volume_superiorfrontal,33,411.45427272630775
UPENN-GBM-00365_lh_volume_superiorfrontal,34,418.5123003531193
UPENN-GBM-00365_lh_volume_superiorfrontal,35,393.0190991387851
UPENN-GBM-00365_lh_volume_superiorfrontal,36,406.9818831734036
UPENN-GBM-00365_lh_volume_superiorfrontal,37,420.9268369812896
UPENN-GBM-00365_lh_volume_superiorfrontal,38,419.839734505916
UPENN-GBM-00365_lh_volume_superiorfrontal,39,412.3378884135813
UPENN-GBM-00365_lh_volume_superiorfrontal,40,411.39181164727694
UPENN-GBM-00365_lh_volume_superiorfrontal,41,407.1586277173913
UPENN-GBM-00365_lh_volume_superiorfrontal,42,418.3955776933311
UPENN-GBM-00365_lh_volume_superiorfrontal,43,406.8993101258209
UPENN-GBM-00365_lh_volume_superiorfrontal,44,414.7591910984205
UPENN-GBM-00416_rh_volume_superiorfrontal,0,477.846527099609
UPENN-GBM-00416_rh_volume_superiorfrontal,1,442.342956542969
UPENN-GBM-00416_rh_volume_superiorfrontal,2,397.418518066406
UPENN-GBM-00416_rh_volume_superiorfrontal,3,431.580596923828
UPENN-GBM-00416_rh_volume_superiorfrontal,4,418.742431640625
UPENN-GBM-00416_rh_volume_superiorfrontal,5,439.076141357422
UPENN-GBM-00416_rh_volume_superiorfrontal,6,420.356323242188
UPENN-GBM-00416_rh_volume_superiorfrontal,7,472.613861083984
UPENN-GBM-00416_rh_volume_superiorfrontal,8,432.82958984375
UPENN-GBM-00416_rh_volume_superiorfrontal,9,431.627410888672
UPENN-GBM-00416_rh_volume_superiorfrontal,10,427.214691162109
UPENN-GBM-00416_rh_volume_superiorfrontal,11,426.27490234375
UPENN-GBM-00416_rh_volume_superiorfrontal,12,449.985015869141
UPENN-GBM-00416_rh_volume_superiorfrontal,13,440.922973632813
UPENN-GBM-00416_rh_volume_superiorfrontal,14,270.852874755859
UPENN-GBM-00416_rh_volume_superiorfrontal,15,243.372589111328
UPENN-GBM-00416_rh_volume_superiorfrontal,16,272.647369384766
UPENN-GBM-00416_rh_volume_superiorfrontal,17,284.035369873047
UPENN-GBM-00416_rh_volume_superiorfrontal,18,358.274536132813
UPENN-GBM-00416_rh_volume_superiorfrontal,19,341.219024658203
UPENN-GBM-00416_rh_volume_superiorfrontal,20,362.060028076172
UPENN-GBM-00416_rh_volume_superiorfrontal,21,370.750854492188
UPENN-GBM-00416_rh_volume_superiorfrontal,22,343.109130859375
UPENN-GBM-00416_rh_volume_superiorfrontal,23,330.342041015625
UPENN-GBM-00416_rh_volume_superiorfrontal,24,343.19580078125
UPENN-GBM-00416_rh_volume_superiorfrontal,25,343.142517089844
UPENN-GBM-00416_rh_volume_superiorfrontal,26,367.071380615234
UPENN-GBM-00416_rh_volume_superiorfrontal,27,371.291198730469
UPENN-GBM-00416_rh_volume_superiorfrontal,28,359.844299316406
UPENN-GBM-00416_rh_volume_superiorfrontal,29,328.724609375
UPENN-GBM-00416_rh_volume_superiorfrontal,30,358.534729003906
UPENN-GBM-00416_rh_volume_superiorfrontal,31,346.778594970703
UPENN-GBM-00416_rh_volume_superiorfrontal,32,356.316101074219
UPENN-GBM-00416_rh_volume_superiorfrontal,33,375.852600097656
UPENN-GBM-00416_rh_volume_superiorfrontal,34,376.433380126953
UPENN-GBM-00416_rh_volume_superiorfrontal,35,348.507202148438
UPENN-GBM-00416_rh_volume_superiorfrontal,36,358.856628417969
UPENN-GBM-00416_rh_volume_superiorfrontal,37,342.996063232422
UPENN-GBM-00416_rh_volume_superiorfrontal,38,342.271667480469
UPENN-GBM-00416_rh_volume_superiorfrontal,39,367.745086669922
UPENN-GBM-00416_rh_volume_superiorfrontal,40,363.858001708984
UPENN-GBM-00416_rh_volume_superiorfrontal,41,342.859832763672
UPENN-GBM-00416_rh_volume_superiorfrontal,42,341.787261962891
UPENN-GBM-00416_rh_volume_superiorfrontal,43,334.095428466797
UPENN-GBM-00416_rh_volume_superiorfrontal,44,373.100860595703
UPENN-GBM-00416_lh_volume_superiorfrontal,0,751.170532226563
UPENN-GBM-00416_lh_volume_superiorfrontal,1,731.753784179688
UPENN-GBM-00416_lh_volume_superiorfrontal,2,742.488708496094
UPENN-GBM-00416_lh_volume_superiorfrontal,3,683.059814453125
UPENN-GBM-00416_lh_volume_superiorfrontal,4,712.82958984375
UPENN-GBM-00416_lh_volume_superiorfrontal,5,702.664245605469
UPENN-GBM-00416_lh_volume_superiorfrontal,6,711.624206542969
UPENN-GBM-00416_lh_volume_superiorfrontal,7,697.253662109375
UPENN-GBM-00416_lh_volume_superiorfrontal,8,728.51953125
UPENN-GBM-00416_lh_volume_superiorfrontal,9,712.922424316406
UPENN-GBM-00416_lh_volume_superiorfrontal,10,727.546752929688
UPENN-GBM-00416_lh_volume_superiorfrontal,11,698.252685546875
UPENN-GBM-00416_lh_volume_superiorfrontal,12,750.470703125
UPENN-GBM-00416_lh_volume_superiorfrontal,13,715.52734375
UPENN-GBM-00416_lh_volume_superiorfrontal,14,680.010681152344
UPENN-GBM-00416_lh_volume_superiorfrontal,15,577.540832519531
UPENN-GBM-00416_lh_volume_superiorfrontal,16,580.133422851563
UPENN-GBM-00416_lh_volume_superiorfrontal,17,561.8701171875
UPENN-GBM-00416_lh_volume_superiorfrontal,18,625.95166015625
UPENN-GBM-00416_lh_volume_superiorfrontal,19,635.771545410156
UPENN-GBM-00416_lh_volume_superiorfrontal,20,678.127563476563
UPENN-GBM-00416_lh_volume_superiorfrontal,21,638.85205078125
UPENN-GBM-00416_lh_volume_superiorfrontal,22,655.44775390625
UPENN-GBM-00416_lh_volume_superiorfrontal,23,639.641967773438
UPENN-GBM-00416_lh_volume_superiorfrontal,24,620.871826171875
UPENN-GBM-00416_lh_volume_superiorfrontal,25,612.120910644531
UPENN-GBM-00416_lh_volume_superiorfrontal,26,617.461364746094
UPENN-GBM-00416_lh_volume_superiorfrontal,27,652.341674804688
UPENN-GBM-00416_lh_volume_superiorfrontal,28,655.811279296875
UPENN-GBM-00416_lh_volume_superiorfrontal,29,646.678955078125
UPENN-GBM-00416_lh_volume_superiorfrontal,30,639.86474609375
UPENN-GBM-00416_lh_volume_superiorfrontal,31,633.712707519531
UPENN-GBM-00416_lh_volume_superiorfrontal,32,629.2041015625
UPENN-GBM-00416_lh_volume_superiorfrontal,33,599.883178710938
UPENN-GBM-00416_lh_volume_superiorfrontal,34,600.216064453125
UPENN-GBM-00416_lh_volume_superiorfrontal,35,680.28857421875
UPENN-GBM-00416_lh_volume_superiorfrontal,36,624.529724121094
UPENN-GBM-00416_lh_volume_superiorfrontal,37,616.68310546875
UPENN-GBM-00416_lh_volume_superiorfrontal,38,593.510986328125
UPENN-GBM-00416_lh_volume_superiorfrontal,39,627.906066894531
UPENN-GBM-00416_lh_volume_superiorfrontal,40,606.480590820313
UPENN-GBM-00416_lh_volume_superiorfrontal,41,636.817565917969
UPENN-GBM-00416_lh_volume_superiorfrontal,42,586.087097167969
UPENN-GBM-00416_lh_volume_superiorfrontal,43,654.26318359375
UPENN-GBM-00416_lh_volume_superiorfrontal,44,608.071716308594
UPENN-GBM-00416_lh_volume_rostralmiddlefrontal,0,440.984387814295
UPENN-GBM-00416_lh_volume_rostralmiddlefrontal,1,441.058015871611
UPENN-GBM-00416_lh_volume_rostralmiddlefrontal,2,437.525084522884
UPENN-GBM-00416_lh_volume_rostralmiddlefrontal,3,436.623225709037
UPENN-GBM-00416_lh_volume_rostralmiddlefrontal,4,436.364888594886
UPENN-GBM-00416_lh_volume_rostralmiddlefrontal,5,436.126260484049
UPENN-GBM-00416_lh_volume_rostralmiddlefrontal,6,437.667109420288
UPENN-GBM-00416_lh_volume_rostralmiddlefrontal,7,436.76709035838
UPENN-GBM-00416_lh_volume_rostralmiddlefrontal,8,438.945720241605
UPENN-GBM-00416_lh_volume_rostralmiddlefrontal,9,436.936343934444
UPENN-GBM-00416_lh_volume_rostralmiddlefrontal,10,434.922061399103
UPENN-GBM-00416_lh_volume_rostralmiddlefrontal,11,434.678164142782
UPENN-GBM-00416_lh_volume_rostralmiddlefrontal,12,435.06814518586
UPENN-GBM-00416_lh_volume_rostralmiddlefrontal,13,435.247152910667
UPENN-GBM-00416_lh_volume_rostralmiddlefrontal,14,437.600311536612
UPENN-GBM-00416_lh_volume_rostralmiddlefrontal,15,428.480999848493
UPENN-GBM-00416_lh_volume_rostralmiddlefrontal,16,395.351261698577
UPENN-GBM-00416_lh_volume_rostralmiddlefrontal,17,340.609810428716
UPENN-GBM-00416_lh_volume_rostralmiddlefrontal,18,325.615252592913
UPENN-GBM-00416_lh_volume_rostralmiddlefrontal,19,344.116301113598
UPENN-GBM-00416_lh_volume_rostralmiddlefrontal,20,369.099843506065
UPENN-GBM-00416_lh_volume_rostralmiddlefrontal,21,398.303877188826
UPENN-GBM-00416_lh_volume_rostralmiddlefrontal,22,406.229435320849
UPENN-GBM-00416_lh_volume_rostralmiddlefrontal,23,415.470447919823
UPENN-GBM-00416_lh_volume_rostralmiddlefrontal,24,422.049519839617
UPENN-GBM-00416_lh_volume_rostralmiddlefrontal,25,427.318498633965
UPENN-GBM-00416_lh_volume_rostralmiddlefrontal,26,423.128597265954
UPENN-GBM-00416_lh_volume_rostralmiddlefrontal,27,421.652701263685
UPENN-GBM-00416_lh_volume_rostralmiddlefrontal,28,418.354983041902
UPENN-GBM-00416_lh_volume_rostralmiddlefrontal,29,418.621055667356
UPENN-GBM-00416_lh_volume_rostralmiddlefrontal,30,418.268727757678
UPENN-GBM-00416_lh_volume_rostralmiddlefrontal,31,423.632291951429
UPENN-GBM-00416_lh_volume_rostralmiddlefrontal,32,421.449538952987
UPENN-GBM-00416_lh_volume_rostralmiddlefrontal,33,424.367812106822
UPENN-GBM-00416_lh_volume_rostralmiddlefrontal,34,420.750663512875
UPENN-GBM-00416_lh_volume_rostralmiddlefrontal,35,423.215149646264
UPENN-GBM-00416_lh_volume_rostralmiddlefrontal,36,421.116401144867
UPENN-GBM-00416_lh_volume_rostralmiddlefrontal,37,424.293221073247
UPENN-GBM-00416_lh_volume_rostralmiddlefrontal,38,422.115502600324
UPENN-GBM-00416_lh_volume_rostralmiddlefrontal,39,423.289805317408
UPENN-GBM-00416_lh_volume_rostralmiddlefrontal,40,420.590430737346
UPENN-GBM-00416_lh_volume_rostralmiddlefrontal,41,423.612125544685
UPENN-GBM-00416_lh_volume_rostralmiddlefrontal,42,422.539203817487
UPENN-GBM-00416_lh_volume_rostralmiddlefrontal,43,420.924822390783
UPENN-GBM-00416_lh_volume_rostralmiddlefrontal,44,429.518076853246
UPENN-GBM-00444_rh_volume_superiorfrontal,0,913.988479614258
UPENN-GBM-00444_rh_volume_superiorfrontal,1,923.114569091797
UPENN-GBM-00444_rh_volume_superiorfrontal,2,932.323602294922
UPENN-GBM-00444_rh_volume_superiorfrontal,3,927.844772338867
UPENN-GBM-00444_rh_volume_superiorfrontal,4,933.27248840332
UPENN-GBM-00444_rh_volume_superiorfrontal,5,928.829336547852
UPENN-GBM-00444_rh_volume_superiorfrontal,6,904.662536621094
UPENN-GBM-00444_rh_volume_superiorfrontal,7,904.062194824219
UPENN-GBM-00444_rh_volume_superiorfrontal,8,877.187786865234
UPENN-GBM-00444_rh_volume_superiorfrontal,9,889.116683959961
UPENN-GBM-00444_rh_volume_superiorfrontal,10,883.740823364258
UPENN-GBM-00444_rh_volume_superiorfrontal,11,872.112185668945
UPENN-GBM-00444_rh_volume_superiorfrontal,12,916.29660949707
UPENN-GBM-00444_rh_volume_superiorfrontal,13,898.113128662109
UPENN-GBM-00444_rh_volume_superiorfrontal,14,842.688589477539
UPENN-GBM-00444_rh_volume_superiorfrontal,15,648.229544067383
UPENN-GBM-00444_rh_volume_superiorfrontal,16,574.517457580566
UPENN-GBM-00444_rh_volume_superiorfrontal,17,555.380685424805
UPENN-GBM-00444_rh_volume_superiorfrontal,18,582.057942199707
UPENN-GBM-00444_rh_volume_superiorfrontal,19,637.490515136719
UPENN-GBM-00444_rh_volume_superiorfrontal,20,687.411735534668
UPENN-GBM-00444_rh_volume_superiorfrontal,21,740.309985351563
UPENN-GBM-00444_rh_volume_superiorfrontal,22,753.989056396484
UPENN-GBM-00444_rh_volume_superiorfrontal,23,757.699896240234
UPENN-GBM-00444_rh_volume_superiorfrontal,24,757.074261474609
UPENN-GBM-00444_rh_volume_superiorfrontal,25,779.541397094727
UPENN-GBM-00444_rh_volume_superiorfrontal,26,769.278326416016
UPENN-GBM-00444_rh_volume_superiorfrontal,27,783.304077148438
UPENN-GBM-00444_rh_volume_superiorfrontal,28,802.446405029297
UPENN-GBM-00444_rh_volume_superiorfrontal,29,814.746044921875
UPENN-GBM-00444_rh_volume_superiorfrontal,30,821.1779296875
UPENN-GBM-00444_rh_volume_superiorfrontal,31,840.798815917969
UPENN-GBM-00444_rh_volume_superiorfrontal,32,847.797772216797
UPENN-GBM-00444_rh_volume_superiorfrontal,33,871.876254272461
UPENN-GBM-00444_rh_volume_superiorfrontal,34,854.160095214844
UPENN-GBM-00444_rh_volume_superiorfrontal,35,841.646005249024
UPENN-GBM-00444_rh_volume_superiorfrontal,36,845.278735351563
UPENN-GBM-00444_rh_volume_superiorfrontal,37,853.025607299805
UPENN-GBM-00444_rh_volume_superiorfrontal,38,864.729498291016
UPENN-GBM-00444_rh_volume_superiorfrontal,39,866.828039550781
UPENN-GBM-00444_rh_volume_superiorfrontal,40,890.982083129883
UPENN-GBM-00444_rh_volume_superiorfrontal,41,880.628945922852
UPENN-GBM-00444_rh_volume_superiorfrontal,42,849.103857421875
UPENN-GBM-00444_rh_volume_superiorfrontal,43,860.819360351563
UPENN-GBM-00444_rh_volume_superiorfrontal,44,871.012933349609
UPENN-GBM-00444_lh_volume_rostralmiddlefrontal,0,604.850789388021
UPENN-GBM-00444_lh_volume_rostralmiddlefrontal,1,592.574890136719
UPENN-GBM-00444_lh_volume_rostralmiddlefrontal,2,603.396504720052
UPENN-GBM-00444_lh_volume_rostralmiddlefrontal,3,594.707804361979
UPENN-GBM-00444_lh_volume_rostralmiddlefrontal,4,605.606160481771
UPENN-GBM-00444_lh_volume_rostralmiddlefrontal,5,607.501261393229
UPENN-GBM-00444_lh_volume_rostralmiddlefrontal,6,601.603230794271
UPENN-GBM-00444_lh_volume_rostralmiddlefrontal,7,594.329956054688
UPENN-GBM-00444_lh_volume_rostralmiddlefrontal,8,637.130167643229
UPENN-GBM-00444_lh_volume_rostralmiddlefrontal,9,612.576619466146
UPENN-GBM-00444_lh_volume_rostralmiddlefrontal,10,602.459818522135
UPENN-GBM-00444_lh_volume_rostralmiddlefrontal,11,622.77773030599
UPENN-GBM-00444_lh_volume_rostralmiddlefrontal,12,610.774759928385
UPENN-GBM-00444_lh_volume_rostralmiddlefrontal,13,614.740681966146
UPENN-GBM-00444_lh_volume_rostralmiddlefrontal,14,604.35585530599
UPENN-GBM-00444_lh_volume_rostralmiddlefrontal,15,534.660420735677
UPENN-GBM-00444_lh_volume_rostralmiddlefrontal,16,434.545867919922
UPENN-GBM-00444_lh_volume_rostralmiddlefrontal,17,452.766835530599
UPENN-GBM-00444_lh_volume_rostralmiddlefrontal,18,490.666178385417
UPENN-GBM-00444_lh_volume_rostralmiddlefrontal,19,551.093414306641
UPENN-GBM-00444_lh_volume_rostralmiddlefrontal,20,559.783121744792
UPENN-GBM-00444_lh_volume_rostralmiddlefrontal,21,582.933878580729
UPENN-GBM-00444_lh_volume_rostralmiddlefrontal,22,583.543579101563
UPENN-GBM-00444_lh_volume_rostralmiddlefrontal,23,597.953857421875
UPENN-GBM-00444_lh_volume_rostralmiddlefrontal,24,540.408477783203
UPENN-GBM-00444_lh_volume_rostralmiddlefrontal,25,578.715901692708
UPENN-GBM-00444_lh_volume_rostralmiddlefrontal,26,566.411417643229
UPENN-GBM-00444_lh_volume_rostralmiddlefrontal,27,567.516337076823
UPENN-GBM-00444_lh_volume_rostralmiddlefrontal,28,583.164947509766
UPENN-GBM-00444_lh_volume_rostralmiddlefrontal,29,579.23817952474
UPENN-GBM-00444_lh_volume_rostralmiddlefrontal,30,589.418334960938
UPENN-GBM-00444_lh_volume_rostralmiddlefrontal,31,589.964599609375
UPENN-GBM-00444_lh_volume_rostralmiddlefrontal,32,606.309529622396
UPENN-GBM-00444_lh_volume_rostralmiddlefrontal,33,589.123087565104
UPENN-GBM-00444_lh_volume_rostralmiddlefrontal,34,579.476603190104
UPENN-GBM-00444_lh_volume_rostralmiddlefrontal,35,594.112935384115
UPENN-GBM-00444_lh_volume_rostralmiddlefrontal,36,578.875427246094
UPENN-GBM-00444_lh_volume_rostralmiddlefrontal,37,581.170104980469
UPENN-GBM-00444_lh_volume_rostralmiddlefrontal,38,594.5107421875
UPENN-GBM-00444_lh_volume_rostralmiddlefrontal,39,558.789123535156
UPENN-GBM-00444_lh_volume_rostralmiddlefrontal,40,600.355631510417
UPENN-GBM-00444_lh_volume_rostralmiddlefrontal,41,579.36875406901
UPENN-GBM-00444_lh_volume_rostralmiddlefrontal,42,580.20741780599
UPENN-GBM-00444_lh_volume_rostralmiddlefrontal,43,598.341125488281
UPENN-GBM-00444_lh_volume_rostralmiddlefrontal,44,583.06483968099
UPENN-GBM-00444_lh_volume_superiorfrontal,0,808.48476155599
UPENN-GBM-00444_lh_volume_superiorfrontal,1,824.204284667969
UPENN-GBM-00444_lh_volume_superiorfrontal,2,799.590413411458
UPENN-GBM-00444_lh_volume_superiorfrontal,3,800.586853027344
UPENN-GBM-00444_lh_volume_superiorfrontal,4,831.452087402344
UPENN-GBM-00444_lh_volume_superiorfrontal,5,789.486531575521
UPENN-GBM-00444_lh_volume_superiorfrontal,6,798.936686197917
UPENN-GBM-00444_lh_volume_superiorfrontal,7,810.363566080729
UPENN-GBM-00444_lh_volume_superiorfrontal,8,827.832275390625
UPENN-GBM-00444_lh_volume_superiorfrontal,9,763.530008951823
UPENN-GBM-00444_lh_volume_superiorfrontal,10,671.723714192708
UPENN-GBM-00444_lh_volume_superiorfrontal,11,610.011413574219
UPENN-GBM-00444_lh_volume_superiorfrontal,12,651.920633951823
UPENN-GBM-00444_lh_volume_superiorfrontal,13,647.086832682292
UPENN-GBM-00444_lh_volume_superiorfrontal,14,631.076314290365
UPENN-GBM-00444_lh_volume_superiorfrontal,15,565.701863606771
UPENN-GBM-00444_lh_volume_superiorfrontal,16,500.548207600911
UPENN-GBM-00444_lh_volume_superiorfrontal,17,495.423136393229
UPENN-GBM-00444_lh_volume_superiorfrontal,18,511.71240234375
UPENN-GBM-00444_lh_volume_superiorfrontal,19,568.144795735677
UPENN-GBM-00444_lh_volume_superiorfrontal,20,599.65761311849
UPENN-GBM-00444_lh_volume_superiorfrontal,21,644.279378255208
UPENN-GBM-00444_lh_volume_superiorfrontal,22,640.186462402344
UPENN-GBM-00444_lh_volume_superiorfrontal,23,644.95078531901
UPENN-GBM-00444_lh_volume_superiorfrontal,24,620.584940592448
UPENN-GBM-00444_lh_volume_superiorfrontal,25,636.127400716146
UPENN-GBM-00444_lh_volume_superiorfrontal,26,622.682779947917
UPENN-GBM-00444_lh_volume_superiorfrontal,27,633.743347167969
UPENN-GBM-00444_lh_volume_superiorfrontal,28,671.018147786458
UPENN-GBM-00444_lh_volume_superiorfrontal,29,672.0322265625
UPENN-GBM-00444_lh_volume_superiorfrontal,30,635.352254231771
UPENN-GBM-00444_lh_volume_superiorfrontal,31,649.809773763021
UPENN-GBM-00444_lh_volume_superiorfrontal,32,656.821004231771
UPENN-GBM-00444_lh_volume_superiorfrontal,33,677.057556152344
UPENN-GBM-00444_lh_volume_superiorfrontal,34,670.860107421875
UPENN-GBM-00444_lh_volume_superiorfrontal,35,642.059427897135
UPENN-GBM-00444_lh_volume_superiorfrontal,36,679.40635172526
UPENN-GBM-00444_lh_volume_superiorfrontal,37,691.581197102865
UPENN-GBM-00444_lh_volume_superiorfrontal,38,672.104187011719
UPENN-GBM-00444_lh_volume_superiorfrontal,39,666.571248372396
UPENN-GBM-00444_lh_volume_superiorfrontal,40,665.445129394531
UPENN-GBM-00444_lh_volume_superiorfrontal,41,669.652689615885
UPENN-GBM-00444_lh_volume_superiorfrontal,42,662.575276692708
UPENN-GBM-00444_lh_volume_superiorfrontal,43,686.0576171875
UPENN-GBM-00444_lh_volume_superiorfrontal,44,632.717081705729
UPENN-GBM-00519_rh_volume_superiorfrontal,0,440.006667051522
UPENN-GBM-00519_rh_volume_superiorfrontal,1,438.733272044651
UPENN-GBM-00519_rh_volume_superiorfrontal,2,437.41999505105
UPENN-GBM-00519_rh_volume_superiorfrontal,3,438.20109306548
UPENN-GBM-00519_rh_volume_superiorfrontal,4,437.693989697625
UPENN-GBM-00519_rh_volume_superiorfrontal,5,438.538088937293
UPENN-GBM-00519_rh_volume_superiorfrontal,6,436.327003006596
UPENN-GBM-00519_rh_volume_superiorfrontal,7,437.143687351569
UPENN-GBM-00519_rh_volume_superiorfrontal,8,438.998014869336
UPENN-GBM-00519_rh_volume_superiorfrontal,9,439.50564330724
UPENN-GBM-00519_rh_volume_superiorfrontal,10,439.149632752126
UPENN-GBM-00519_rh_volume_superiorfrontal,11,438.994286587364
UPENN-GBM-00519_rh_volume_superiorfrontal,12,438.772045773249
UPENN-GBM-00519_rh_volume_superiorfrontal,13,438.925204652013
UPENN-GBM-00519_rh_volume_superiorfrontal,14,438.117262719216
UPENN-GBM-00519_rh_volume_superiorfrontal,15,421.579202427584
UPENN-GBM-00519_rh_volume_superiorfrontal,16,363.846111542669
UPENN-GBM-00519_rh_volume_superiorfrontal,17,317.040620608965
UPENN-GBM-00519_rh_volume_superiorfrontal,18,310.419515615646
UPENN-GBM-00519_rh_volume_superiorfrontal,19,334.653405523153
UPENN-GBM-00519_rh_volume_superiorfrontal,20,365.488627342248
UPENN-GBM-00519_rh_volume_superiorfrontal,21,392.425933318241
UPENN-GBM-00519_rh_volume_superiorfrontal,22,408.65000782072
UPENN-GBM-00519_rh_volume_superiorfrontal,23,418.805362943525
UPENN-GBM-00519_rh_volume_superiorfrontal,24,424.412657894217
UPENN-GBM-00519_rh_volume_superiorfrontal,25,425.288879170137
UPENN-GBM-00519_rh_volume_superiorfrontal,26,422.228433053929
UPENN-GBM-00519_rh_volume_superiorfrontal,27,419.812001739124
UPENN-GBM-00519_rh_volume_superiorfrontal,28,416.298946492812
UPENN-GBM-00519_rh_volume_superiorfrontal,29,416.117264980871
UPENN-GBM-00519_rh_volume_superiorfrontal,30,417.028985002831
UPENN-GBM-00519_rh_volume_superiorfrontal,31,419.175042255744
UPENN-GBM-00519_rh_volume_superiorfrontal,32,420.665685204899
UPENN-GBM-00519_rh_volume_superiorfrontal,33,420.809116304474
UPENN-GBM-00519_rh_volume_superiorfrontal,34,421.36546859505
UPENN-GBM-00519_rh_volume_superiorfrontal,35,423.174835293655
UPENN-GBM-00519_rh_volume_superiorfrontal,36,421.018997452207
UPENN-GBM-00519_rh_volume_superiorfrontal,37,420.851639071485
UPENN-GBM-00519_rh_volume_superiorfrontal,38,421.52886870771
UPENN-GBM-00519_rh_volume_superiorfrontal,39,420.597094391153
UPENN-GBM-00519_rh_volume_superiorfrontal,40,420.318066859762
UPENN-GBM-00519_rh_volume_superiorfrontal,41,422.170058235665
UPENN-GBM-00519_rh_volume_superiorfrontal,42,422.656430666661
UPENN-GBM-00519_rh_volume_superiorfrontal,43,423.145387472383
UPENN-GBM-00519_rh_volume_superiorfrontal,44,422.928938154097
UPENN-GBM-00519_lh_volume_rostralmiddlefrontal,0,543.093812019594
UPENN-GBM-00519_lh_volume_rostralmiddlefrontal,1,533.062856366557
UPENN-GBM-00519_lh_volume_rostralmiddlefrontal,2,546.278645177041
UPENN-GBM-00519_lh_volume_rostralmiddlefrontal,3,542.490529706401
UPENN-GBM-00519_lh_volume_rostralmiddlefrontal,4,546.674974010837
UPENN-GBM-00519_lh_volume_rostralmiddlefrontal,5,550.063044394216
UPENN-GBM-00519_lh_volume_rostralmiddlefrontal,6,556.702303978705
UPENN-GBM-00519_lh_volume_rostralmiddlefrontal,7,553.733099168347
UPENN-GBM-00519_lh_volume_rostralmiddlefrontal,8,550.271157541583
UPENN-GBM-00519_lh_volume_rostralmiddlefrontal,9,549.67244203629
UPENN-GBM-00519_lh_volume_rostralmiddlefrontal,10,550.527302403604
UPENN-GBM-00519_lh_volume_rostralmiddlefrontal,11,548.29688976657
UPENN-GBM-00519_lh_volume_rostralmiddlefrontal,12,551.278880457724
UPENN-GBM-00519_lh_volume_rostralmiddlefrontal,13,537.399709393901
UPENN-GBM-00519_lh_volume_rostralmiddlefrontal,14,561.617245581842
UPENN-GBM-00519_lh_volume_rostralmiddlefrontal,15,547.84669445407
UPENN-GBM-00519_lh_volume_rostralmiddlefrontal,16,514.430203345514
UPENN-GBM-00519_lh_volume_rostralmiddlefrontal,17,478.790300923009
UPENN-GBM-00519_lh_volume_rostralmiddlefrontal,18,462.397073068926
UPENN-GBM-00519_lh_volume_rostralmiddlefrontal,19,481.671212473223
UPENN-GBM-00519_lh_volume_rostralmiddlefrontal,20,490.926579629221
UPENN-GBM-00519_lh_volume_rostralmiddlefrontal,21,516.816717332409
UPENN-GBM-00519_lh_volume_rostralmiddlefrontal,22,525.401844639932
UPENN-GBM-00519_lh_volume_rostralmiddlefrontal,23,533.076388451361
UPENN-GBM-00519_lh_volume_rostralmiddlefrontal,24,544.220952187815
UPENN-GBM-00519_lh_volume_rostralmiddlefrontal,25,547.642971900202
UPENN-GBM-00519_lh_volume_rostralmiddlefrontal,26,543.01850054341
UPENN-GBM-00519_lh_volume_rostralmiddlefrontal,27,551.691720285723
UPENN-GBM-00519_lh_volume_rostralmiddlefrontal,28,540.594222530242
UPENN-GBM-00519_lh_volume_rostralmiddlefrontal,29,544.611466930759
UPENN-GBM-00519_lh_volume_rostralmiddlefrontal,30,547.920176844443
UPENN-GBM-00519_lh_volume_rostralmiddlefrontal,31,534.873472152218
UPENN-GBM-00519_lh_volume_rostralmiddlefrontal,32,532.068350515058
UPENN-GBM-00519_lh_volume_rostralmiddlefrontal,33,541.385608303932
UPENN-GBM-00519_lh_volume_rostralmiddlefrontal,34,534.948931294103
UPENN-GBM-00519_lh_volume_rostralmiddlefrontal,35,549.266921504851
UPENN-GBM-00519_lh_volume_rostralmiddlefrontal,36,545.216043779927
UPENN-GBM-00519_lh_volume_rostralmiddlefrontal,37,539.285871936429
UPENN-GBM-00519_lh_volume_rostralmiddlefrontal,38,546.118870888987
UPENN-GBM-00519_lh_volume_rostralmiddlefrontal,39,550.775111044607
UPENN-GBM-00519_lh_volume_rostralmiddlefrontal,40,533.764415125693
UPENN-GBM-00519_lh_volume_rostralmiddlefrontal,41,544.642205022996
UPENN-GBM-00519_lh_volume_rostralmiddlefrontal,42,547.96134210402
UPENN-GBM-00519_lh_volume_rostralmiddlefrontal,43,535.236600814327
UPENN-GBM-00519_lh_volume_rostralmiddlefrontal,44,541.334658715033
UPENN-GBM-00519_lh_volume_superiorfrontal,0,418.993772718642
UPENN-GBM-00519_lh_volume_superiorfrontal,1,432.77921295166
UPENN-GBM-00519_lh_volume_superiorfrontal,2,427.576262580024
UPENN-GBM-00519_lh_volume_superiorfrontal,3,425.750917222765
UPENN-GBM-00519_lh_volume_superiorfrontal,4,431.915922376845
UPENN-GBM-00519_lh_volume_superiorfrontal,5,429.30690934923
UPENN-GBM-00519_lh_volume_superiorfrontal,6,429.732149759928
UPENN-GBM-00519_lh_volume_superiorfrontal,7,427.496498955621
UPENN-GBM-00519_lh_volume_superiorfrontal,8,429.946312798394
UPENN-GBM-00519_lh_volume_superiorfrontal,9,429.171279059516
UPENN-GBM-00519_lh_volume_superiorfrontal,10,430.805129157172
UPENN-GBM-00519_lh_volume_superiorfrontal,11,424.368548075358
UPENN-GBM-00519_lh_volume_superiorfrontal,12,431.562182108561
UPENN-GBM-00519_lh_volume_superiorfrontal,13,427.730399237739
UPENN-GBM-00519_lh_volume_superiorfrontal,14,427.655127631293
UPENN-GBM-00519_lh_volume_superiorfrontal,15,411.758789910211
UPENN-GBM-00519_lh_volume_superiorfrontal,16,381.910859849718
UPENN-GBM-00519_lh_volume_superiorfrontal,17,356.108593410916
UPENN-GBM-00519_lh_volume_superiorfrontal,18,356.844479878743
UPENN-GBM-00519_lh_volume_superiorfrontal,19,380.636596679688
UPENN-GBM-00519_lh_volume_superiorfrontal,20,382.634999593099
UPENN-GBM-00519_lh_volume_superiorfrontal,21,405.049236721463
UPENN-GBM-00519_lh_volume_superiorfrontal,22,411.540327284071
UPENN-GBM-00519_lh_volume_superiorfrontal,23,418.632899814182
UPENN-GBM-00519_lh_volume_superiorfrontal,24,423.224622938368
UPENN-GBM-00519_lh_volume_superiorfrontal,25,426.896826850043
UPENN-GBM-00519_lh_volume_superiorfrontal,26,419.95986005995
UPENN-GBM-00519_lh_volume_superiorfrontal,27,428.502924601237
UPENN-GBM-00519_lh_volume_superiorfrontal,28,413.282497829861
UPENN-GBM-00519_lh_volume_superiorfrontal,29,422.292812771267
UPENN-GBM-00519_lh_volume_superiorfrontal,30,415.7570215861
UPENN-GBM-00519_lh_volume_superiorfrontal,31,424.44933573405
UPENN-GBM-00519_lh_volume_superiorfrontal,32,424.49893951416
UPENN-GBM-00519_lh_volume_superiorfrontal,33,419.154636806912
UPENN-GBM-00519_lh_volume_superiorfrontal,34,420.043381585015
UPENN-GBM-00519_lh_volume_superiorfrontal,35,419.101496378581
UPENN-GBM-00519_lh_volume_superiorfrontal,36,423.056767781576
UPENN-GBM-00519_lh_volume_superiorfrontal,37,421.19482337104
UPENN-GBM-00519_lh_volume_superiorfrontal,38,422.276275634766
UPENN-GBM-00519_lh_volume_superiorfrontal,39,423.406631469727
UPENN-GBM-00519_lh_volume_superiorfrontal,40,424.910125732422
UPENN-GBM-00519_lh_volume_superiorfrontal,41,417.299627516005
UPENN-GBM-00519_lh_volume_superiorfrontal,42,421.588717990451
UPENN-GBM-00519_lh_volume_superiorfrontal,43,418.040385776096
UPENN-GBM-00519_lh_volume_superiorfrontal,44,428.478638543023
UPENN-GBM-00564_rh_volume_superiorfrontal,0,751.5499205259947
UPENN-GBM-00564_rh_volume_superiorfrontal,1,744.9281122705958
UPENN-GBM-00564_rh_volume_superiorfrontal,2,751.3756559904631
UPENN-GBM-00564_rh_volume_superiorfrontal,3,740.0296482395481
UPENN-GBM-00564_rh_volume_superiorfrontal,4,748.3207707218937
UPENN-GBM-00564_rh_volume_superiorfrontal,5,749.2015266762123
UPENN-GBM-00564_rh_volume_superiorfrontal,6,749.2158752991272
UPENN-GBM-00564_rh_volume_superiorfrontal,7,748.3248603064735
UPENN-GBM-00564_rh_volume_superiorfrontal,8,748.4225994946362
UPENN-GBM-00564_rh_volume_superiorfrontal,9,747.9901747603316
UPENN-GBM-00564_rh_volume_superiorfrontal,10,746.174525217967
UPENN-GBM-00564_rh_volume_superiorfrontal,11,750.4335570922485
UPENN-GBM-00564_rh_volume_superiorfrontal,12,749.8767504534563
UPENN-GBM-00564_rh_volume_superiorfrontal,13,747.9363176042253
UPENN-GBM-00564_rh_volume_superiorfrontal,14,724.2798433504305
UPENN-GBM-00564_rh_volume_superiorfrontal,15,654.0676188425974
UPENN-GBM-00564_rh_volume_superiorfrontal,16,583.2823547042526
UPENN-GBM-00564_rh_volume_superiorfrontal,17,570.9061876589113
UPENN-GBM-00564_rh_volume_superiorfrontal,18,590.4511569827885
UPENN-GBM-00564_rh_volume_superiorfrontal,19,626.4124799619566
UPENN-GBM-00564_rh_volume_superiorfrontal,20,669.9617521268827
UPENN-GBM-00564_rh_volume_superiorfrontal,21,687.336505145282
UPENN-GBM-00564_rh_volume_superiorfrontal,22,706.55801547397
UPENN-GBM-00564_rh_volume_superiorfrontal,23,714.3673074624918
UPENN-GBM-00564_rh_volume_superiorfrontal,24,707.3913225511889
UPENN-GBM-00564_rh_volume_superiorfrontal,25,708.4840465923687
UPENN-GBM-00564_rh_volume_superiorfrontal,26,689.5368439728792
UPENN-GBM-00564_rh_volume_superiorfrontal,27,701.1329698533983
UPENN-GBM-00564_rh_volume_superiorfrontal,28,695.2631062917166
UPENN-GBM-00564_rh_volume_superiorfrontal,29,700.6846377169405
UPENN-GBM-00564_rh_volume_superiorfrontal,30,702.0214418520083
UPENN-GBM-00564_rh_volume_superiorfrontal,31,708.9320251648132
UPENN-GBM-00564_rh_volume_superiorfrontal,32,701.2550631228152
UPENN-GBM-00564_rh_volume_superiorfrontal,33,706.6513573357292
UPENN-GBM-00564_rh_volume_superiorfrontal,34,700.4559831132402
UPENN-GBM-00564_rh_volume_superiorfrontal,35,706.648154410514
UPENN-GBM-00564_rh_volume_superiorfrontal,36,690.4555419372009
UPENN-GBM-00564_rh_volume_superiorfrontal,37,707.8537634314001
UPENN-GBM-00564_rh_volume_superiorfrontal,38,690.4023655613621
UPENN-GBM-00564_rh_volume_superiorfrontal,39,701.1543318373305
UPENN-GBM-00564_rh_volume_superiorfrontal,40,702.4717019570841
UPENN-GBM-00564_rh_volume_superiorfrontal,41,724.1149980699694
UPENN-GBM-00564_lh_volume_rostralmiddlefrontal,0,760.7213132933838
UPENN-GBM-00564_lh_volume_rostralmiddlefrontal,1,760.1634925393497
UPENN-GBM-00564_lh_volume_rostralmiddlefrontal,2,759.6495753696987
UPENN-GBM-00564_lh_volume_rostralmiddlefrontal,3,758.3299532703707
UPENN-GBM-00564_lh_volume_rostralmiddlefrontal,4,761.1525051671059
UPENN-GBM-00564_lh_volume_rostralmiddlefrontal,5,761.8526773258131
UPENN-GBM-00564_lh_volume_rostralmiddlefrontal,6,764.8491820556347
UPENN-GBM-00564_lh_volume_rostralmiddlefrontal,7,761.8422596944051
UPENN-GBM-00564_lh_volume_rostralmiddlefrontal,8,764.8332024948651
UPENN-GBM-00564_lh_volume_rostralmiddlefrontal,9,759.842392608899
UPENN-GBM-00564_lh_volume_rostralmiddlefrontal,10,760.9967400778671
UPENN-GBM-00564_lh_volume_rostralmiddlefrontal,11,761.4642518994903
UPENN-GBM-00564_lh_volume_rostralmiddlefrontal,12,761.5127137036455
UPENN-GBM-00564_lh_volume_rostralmiddlefrontal,13,761.5999246622478
UPENN-GBM-00564_lh_volume_rostralmiddlefrontal,14,756.3781843792204
UPENN-GBM-00564_lh_volume_rostralmiddlefrontal,15,697.8496414953921
UPENN-GBM-00564_lh_volume_rostralmiddlefrontal,16,605.2068336367751
UPENN-GBM-00564_lh_volume_rostralmiddlefrontal,17,567.6160244432245
UPENN-GBM-00564_lh_volume_rostralmiddlefrontal,18,581.19952729627
UPENN-GBM-00564_lh_volume_rostralmiddlefrontal,19,623.1748430634461
UPENN-GBM-00564_lh_volume_rostralmiddlefrontal,20,671.2040308738242
UPENN-GBM-00564_lh_volume_rostralmiddlefrontal,21,702.1746407058918
UPENN-GBM-00564_lh_volume_rostralmiddlefrontal,22,720.8486154288375
UPENN-GBM-00564_lh_volume_rostralmiddlefrontal,23,727.3678787982478
UPENN-GBM-00564_lh_volume_rostralmiddlefrontal,24,722.903265065792
UPENN-GBM-00564_lh_volume_rostralmiddlefrontal,25,718.9481865377987
UPENN-GBM-00564_lh_volume_rostralmiddlefrontal,26,713.8869800911087
UPENN-GBM-00564_lh_volume_rostralmiddlefrontal,27,712.506235697404
UPENN-GBM-00564_lh_volume_rostralmiddlefrontal,28,712.1228240197446
UPENN-GBM-00564_lh_volume_rostralmiddlefrontal,29,718.3534738419294
UPENN-GBM-00564_lh_volume_rostralmiddlefrontal,30,720.7487088829672
UPENN-GBM-00564_lh_volume_rostralmiddlefrontal,31,724.6441577851843
UPENN-GBM-00564_lh_volume_rostralmiddlefrontal,32,722.5631935147105
UPENN-GBM-00564_lh_volume_rostralmiddlefrontal,33,721.8622976717543
UPENN-GBM-00564_lh_volume_rostralmiddlefrontal,34,719.682429740695
UPENN-GBM-00564_lh_volume_rostralmiddlefrontal,35,720.2441136061358
UPENN-GBM-00564_lh_volume_rostralmiddlefrontal,36,716.0053991384151
UPENN-GBM-00564_lh_volume_rostralmiddlefrontal,37,719.0193072407186
UPENN-GBM-00564_lh_volume_rostralmiddlefrontal,38,716.2355845475397
UPENN-GBM-00564_lh_volume_rostralmiddlefrontal,39,715.6727194539925
UPENN-GBM-00564_lh_volume_rostralmiddlefrontal,40,721.7960096819489
UPENN-GBM-00564_lh_volume_rostralmiddlefrontal,41,734.7281891088955
UPENN-GBM-00564_lh_volume_superiorfrontal,0,796.1569618747867
UPENN-GBM-00564_lh_volume_superiorfrontal,1,786.9492483887203
UPENN-GBM-00564_lh_volume_superiorfrontal,2,792.0602536092567
UPENN-GBM-00564_lh_volume_superiorfrontal,3,789.3685074231357
UPENN-GBM-00564_lh_volume_superiorfrontal,4,791.1078112999046
UPENN-GBM-00564_lh_volume_superiorfrontal,5,791.6733095383099
UPENN-GBM-00564_lh_volume_superiorfrontal,6,798.9837597995671
UPENN-GBM-00564_lh_volume_superiorfrontal,7,794.0912310724343
UPENN-GBM-00564_lh_volume_superiorfrontal,8,797.2612426515369
UPENN-GBM-00564_lh_volume_superiorfrontal,9,791.9017744926142
UPENN-GBM-00564_lh_volume_superiorfrontal,10,791.8867723603234
UPENN-GBM-00564_lh_volume_superiorfrontal,11,797.6980338072942
UPENN-GBM-00564_lh_volume_superiorfrontal,12,795.2533768139624
UPENN-GBM-00564_lh_volume_superiorfrontal,13,794.0679649193924
UPENN-GBM-00564_lh_volume_superiorfrontal,14,764.3844381141095
UPENN-GBM-00564_lh_volume_superiorfrontal,15,687.3594825994649
UPENN-GBM-00564_lh_volume_superiorfrontal,16,601.5933057070962
UPENN-GBM-00564_lh_volume_superiorfrontal,17,570.0474054058117
UPENN-GBM-00564_lh_volume_superiorfrontal,18,593.400850116082
UPENN-GBM-00564_lh_volume_superiorfrontal,19,636.7823891511858
UPENN-GBM-00564_lh_volume_superiorfrontal,20,687.7242260717943
UPENN-GBM-00564_lh_volume_superiorfrontal,21,716.4348119983844
UPENN-GBM-00564_lh_volume_superiorfrontal,22,736.2762763014853
UPENN-GBM-00564_lh_volume_superiorfrontal,23,745.4906093442097
UPENN-GBM-00564_lh_volume_superiorfrontal,24,737.3782825943493
UPENN-GBM-00564_lh_volume_superiorfrontal,25,739.9088554799024
UPENN-GBM-00564_lh_volume_superiorfrontal,26,724.1749456684071
UPENN-GBM-00564_lh_volume_superiorfrontal,27,731.3147030539641
UPENN-GBM-00564_lh_volume_superiorfrontal,28,728.6532135464347
UPENN-GBM-00564_lh_volume_superiorfrontal,29,737.8453024264717
UPENN-GBM-00564_lh_volume_superiorfrontal,30,737.2591101183318
UPENN-GBM-00564_lh_volume_superiorfrontal,31,745.8715329364371
UPENN-GBM-00564_lh_volume_superiorfrontal,32,738.150993157759
UPENN-GBM-00564_lh_volume_superiorfrontal,33,745.353019009754
UPENN-GBM-00564_lh_volume_superiorfrontal,34,737.4006988919361
UPENN-GBM-00564_lh_volume_superiorfrontal,35,741.4872392277495
UPENN-GBM-00564_lh_volume_superiorfrontal,36,732.7709910024361
UPENN-GBM-00564_lh_volume_superiorfrontal,37,740.7968678176107
UPENN-GBM-00564_lh_volume_superiorfrontal,38,731.2804499666883
UPENN-GBM-00564_lh_volume_superiorfrontal,39,735.6989386671231
UPENN-GBM-00564_lh_volume_superiorfrontal,40,739.0999185510993
UPENN-GBM-00564_lh_volume_superiorfrontal,41,744.9585515527053
UPENN-GBM-00567_rh_volume_superiorfrontal,0,485.57603149414064
UPENN-GBM-00567_rh_volume_superiorfrontal,1,500.7927856445313
UPENN-GBM-00567_rh_volume_superiorfrontal,2,491.8865509033203
UPENN-GBM-00567_rh_volume_superiorfrontal,3,499.0237823486328
UPENN-GBM-00567_rh_volume_superiorfrontal,4,499.422494506836
UPENN-GBM-00567_rh_volume_superiorfrontal,5,490.47166137695314
UPENN-GBM-00567_rh_volume_superiorfrontal,6,511.6954711914062
UPENN-GBM-00567_rh_volume_superiorfrontal,7,506.55906982421874
UPENN-GBM-00567_rh_volume_superiorfrontal,8,496.9983978271485
UPENN-GBM-00567_rh_volume_superiorfrontal,9,495.2718444824219
UPENN-GBM-00567_rh_volume_superiorfrontal,10,482.9351684570312
UPENN-GBM-00567_rh_volume_superiorfrontal,11,507.3981140136719
UPENN-GBM-00567_rh_volume_superiorfrontal,12,478.712255859375
UPENN-GBM-00567_rh_volume_superiorfrontal,13,483.058724975586
UPENN-GBM-00567_rh_volume_superiorfrontal,14,506.0387420654297
UPENN-GBM-00567_rh_volume_superiorfrontal,15,508.4756378173828
UPENN-GBM-00567_rh_volume_superiorfrontal,16,501.0773498535156
UPENN-GBM-00567_rh_volume_superiorfrontal,17,498.5799575805664
UPENN-GBM-00567_rh_volume_superiorfrontal,18,446.2099769592285
UPENN-GBM-00567_rh_volume_superiorfrontal,19,388.1599166870117
UPENN-GBM-00567_rh_volume_superiorfrontal,20,369.8231079101562
UPENN-GBM-00567_rh_volume_superiorfrontal,21,388.6288269042969
UPENN-GBM-00567_rh_volume_superiorfrontal,22,382.3661315917969
UPENN-GBM-00567_rh_volume_superiorfrontal,23,394.10154418945314
UPENN-GBM-00567_rh_volume_superiorfrontal,24,424.1955871582031
UPENN-GBM-00567_rh_volume_superiorfrontal,25,423.2393249511719
UPENN-GBM-00567_rh_volume_superiorfrontal,26,427.9529174804687
UPENN-GBM-00567_rh_volume_superiorfrontal,27,438.0843017578125
UPENN-GBM-00567_rh_volume_superiorfrontal,28,447.33924255371096
UPENN-GBM-00567_rh_volume_superiorfrontal,29,456.020443725586
UPENN-GBM-00567_rh_volume_superiorfrontal,30,458.6167266845703
UPENN-GBM-00567_rh_volume_superiorfrontal,31,451.9080352783203
UPENN-GBM-00567_rh_volume_superiorfrontal,32,456.6015319824219
UPENN-GBM-00567_rh_volume_superiorfrontal,33,488.8144073486328
UPENN-GBM-00567_rh_volume_superiorfrontal,34,490.4286315917969
UPENN-GBM-00567_rh_volume_superiorfrontal,35,477.6233978271485
UPENN-GBM-00567_rh_volume_superiorfrontal,36,493.4648742675781
UPENN-GBM-00567_rh_volume_superiorfrontal,37,490.9566040039063
UPENN-GBM-00567_rh_volume_superiorfrontal,38,502.9310638427734
UPENN-GBM-00567_rh_volume_superiorfrontal,39,495.9188262939453
UPENN-GBM-00567_rh_volume_superiorfrontal,40,510.70810546875
UPENN-GBM-00567_rh_volume_superiorfrontal,41,529.3060974121094
UPENN-GBM-00567_rh_volume_superiorfrontal,42,514.7919921875
UPENN-GBM-00567_rh_volume_superiorfrontal,43,533.2817687988281
UPENN-GBM-00567_rh_volume_superiorfrontal,44,500.4984069824219
UPENN-GBM-00567_lh_volume_rostralmiddlefrontal,0,509.52733357747394
UPENN-GBM-00567_lh_volume_rostralmiddlefrontal,1,525.4848022460938
UPENN-GBM-00567_lh_volume_rostralmiddlefrontal,2,529.0126953125
UPENN-GBM-00567_lh_volume_rostralmiddlefrontal,3,532.9000244140625
UPENN-GBM-00567_lh_volume_rostralmiddlefrontal,4,520.3329162597656
UPENN-GBM-00567_lh_volume_rostralmiddlefrontal,5,518.6340128580729
UPENN-GBM-00567_lh_volume_rostralmiddlefrontal,6,521.1959838867188
UPENN-GBM-00567_lh_volume_rostralmiddlefrontal,7,517.9198710123698
UPENN-GBM-00567_lh_volume_rostralmiddlefrontal,8,508.54371134440106
UPENN-GBM-00567_lh_volume_rostralmiddlefrontal,9,495.0681559244792
UPENN-GBM-00567_lh_volume_rostralmiddlefrontal,10,516.3541463216146
UPENN-GBM-00567_lh_volume_rostralmiddlefrontal,11,518.1825866699219
UPENN-GBM-00567_lh_volume_rostralmiddlefrontal,12,525.6763916015625
UPENN-GBM-00567_lh_volume_rostralmiddlefrontal,13,508.3278503417969
UPENN-GBM-00567_lh_volume_rostralmiddlefrontal,14,532.7010904947916
UPENN-GBM-00567_lh_volume_rostralmiddlefrontal,15,550.359364827474
UPENN-GBM-00567_lh_volume_rostralmiddlefrontal,16,522.2345479329427
UPENN-GBM-00567_lh_volume_rostralmiddlefrontal,17,485.0183410644531
UPENN-GBM-00567_lh_volume_rostralmiddlefrontal,18,408.3984883626302
UPENN-GBM-00567_lh_volume_rostralmiddlefrontal,19,364.4606730143229
UPENN-GBM-00567_lh_volume_rostralmiddlefrontal,20,389.4978535970052
UPENN-GBM-00567_lh_volume_rostralmiddlefrontal,21,438.1895751953125
UPENN-GBM-00567_lh_volume_rostralmiddlefrontal,22,445.2264709472656
UPENN-GBM-00567_lh_volume_rostralmiddlefrontal,23,447.58167521158856
UPENN-GBM-00567_lh_volume_rostralmiddlefrontal,24,484.55006917317706
UPENN-GBM-00567_lh_volume_rostralmiddlefrontal,25,495.5276590983073
UPENN-GBM-00567_lh_volume_rostralmiddlefrontal,26,493.3990987141927
UPENN-GBM-00567_lh_volume_rostralmiddlefrontal,27,503.6602579752605
UPENN-GBM-00567_lh_volume_rostralmiddlefrontal,28,485.1200663248698
UPENN-GBM-00567_lh_volume_rostralmiddlefrontal,29,486.5284729003906
UPENN-GBM-00567_lh_volume_rostralmiddlefrontal,30,493.84351603190106
UPENN-GBM-00567_lh_volume_rostralmiddlefrontal,31,488.6820780436198
UPENN-GBM-00567_lh_volume_rostralmiddlefrontal,32,523.3528442382812
UPENN-GBM-00567_lh_volume_rostralmiddlefrontal,33,504.12025960286456
UPENN-GBM-00567_lh_volume_rostralmiddlefrontal,34,505.9009094238281
UPENN-GBM-00567_lh_volume_rostralmiddlefrontal,35,504.871571858724
UPENN-GBM-00567_lh_volume_rostralmiddlefrontal,36,514.7762959798177
UPENN-GBM-00567_lh_volume_rostralmiddlefrontal,37,515.9334513346354
UPENN-GBM-00567_lh_volume_rostralmiddlefrontal,38,509.8103332519531
UPENN-GBM-00567_lh_volume_rostralmiddlefrontal,39,521.9544372558594
UPENN-GBM-00567_lh_volume_rostralmiddlefrontal,40,541.0863240559896
UPENN-GBM-00567_lh_volume_rostralmiddlefrontal,41,531.3655497233073
UPENN-GBM-00567_lh_volume_rostralmiddlefrontal,42,518.9000040690104
UPENN-GBM-00567_lh_volume_rostralmiddlefrontal,43,526.3989461263021
UPENN-GBM-00567_lh_volume_rostralmiddlefrontal,44,533.1203002929688
UPENN-GBM-00567_lh_volume_superiorfrontal,0,407.00299072265625
UPENN-GBM-00567_lh_volume_superiorfrontal,1,412.7650342668806
UPENN-GBM-00567_lh_volume_superiorfrontal,2,409.73001534598217
UPENN-GBM-00567_lh_volume_superiorfrontal,3,406.6793888636998
UPENN-GBM-00567_lh_volume_superiorfrontal,4,407.6681474958147
UPENN-GBM-00567_lh_volume_superiorfrontal,5,415.7562103271485
UPENN-GBM-00567_lh_volume_superiorfrontal,6,406.37125505719865
UPENN-GBM-00567_lh_volume_superiorfrontal,7,398.4008244105748
UPENN-GBM-00567_lh_volume_superiorfrontal,8,400.89788818359375
UPENN-GBM-00567_lh_volume_superiorfrontal,9,401.6775338309152
UPENN-GBM-00567_lh_volume_superiorfrontal,10,414.7248099190848
UPENN-GBM-00567_lh_volume_superiorfrontal,11,402.7512773786272
UPENN-GBM-00567_lh_volume_superiorfrontal,12,402.79239327566967
UPENN-GBM-00567_lh_volume_superiorfrontal,13,405.4563467843192
UPENN-GBM-00567_lh_volume_superiorfrontal,14,427.98233904157365
UPENN-GBM-00567_lh_volume_superiorfrontal,15,424.2882167271205
UPENN-GBM-00567_lh_volume_superiorfrontal,16,393.2452501569475
UPENN-GBM-00567_lh_volume_superiorfrontal,17,381.7264469691685
UPENN-GBM-00567_lh_volume_superiorfrontal,18,348.8397336687361
UPENN-GBM-00567_lh_volume_superiorfrontal,19,347.5823059082031
UPENN-GBM-00567_lh_volume_superiorfrontal,20,310.87425449916293
UPENN-GBM-00567_lh_volume_superiorfrontal,21,323.73666490827287
UPENN-GBM-00567_lh_volume_superiorfrontal,22,320.6994955880301
UPENN-GBM-00567_lh_volume_superiorfrontal,23,332.23089817592074
UPENN-GBM-00567_lh_volume_superiorfrontal,24,362.3575177873884
UPENN-GBM-00567_lh_volume_superiorfrontal,25,348.0753631591797
UPENN-GBM-00567_lh_volume_superiorfrontal,26,376.3087071010045
UPENN-GBM-00567_lh_volume_superiorfrontal,27,361.6938280378069
UPENN-GBM-00567_lh_volume_superiorfrontal,28,360.2380174909319
UPENN-GBM-00567_lh_volume_superiorfrontal,29,368.2759094238281
UPENN-GBM-00567_lh_volume_superiorfrontal,30,360.7795573643276
UPENN-GBM-00567_lh_volume_superiorfrontal,31,358.8643123081752
UPENN-GBM-00567_lh_volume_superiorfrontal,32,365.4941787719727
UPENN-GBM-00567_lh_volume_superiorfrontal,33,374.8604169573103
UPENN-GBM-00567_lh_volume_superiorfrontal,34,372.6151885986328
UPENN-GBM-00567_lh_volume_superiorfrontal,35,375.8301740373884
UPENN-GBM-00567_lh_volume_superiorfrontal,36,375.0056479317801
UPENN-GBM-00567_lh_volume_superiorfrontal,37,380.87586975097656
UPENN-GBM-00567_lh_volume_superiorfrontal,38,381.6896100725447
UPENN-GBM-00567_lh_volume_superiorfrontal,39,373.2292785644531
UPENN-GBM-00567_lh_volume_superiorfrontal,40,375.9801068987165
UPENN-GBM-00567_lh_volume_superiorfrontal,41,357.184323992048
UPENN-GBM-00567_lh_volume_superiorfrontal,42,362.706791469029
UPENN-GBM-00567_lh_volume_superiorfrontal,43,364.59118216378346
UPENN-GBM-00567_lh_volume_superiorfrontal,44,373.8830152239119
UPENN-GBM-00619_rh_volume_superiorfrontal,0,498.279850260417
UPENN-GBM-00619_rh_volume_superiorfrontal,1,519.480643717448
UPENN-GBM-00619_rh_volume_superiorfrontal,2,518.198653157552
UPENN-GBM-00619_rh_volume_superiorfrontal,3,509.947469075521
UPENN-GBM-00619_rh_volume_superiorfrontal,4,518.292441813151
UPENN-GBM-00619_rh_volume_superiorfrontal,5,512.52329305013
UPENN-GBM-00619_rh_volume_superiorfrontal,6,512.138303629557
UPENN-GBM-00619_rh_volume_superiorfrontal,7,527.568349202474
UPENN-GBM-00619_rh_volume_superiorfrontal,8,505.204227701823
UPENN-GBM-00619_rh_volume_superiorfrontal,9,513.570399983724
UPENN-GBM-00619_rh_volume_superiorfrontal,10,525.763859049479
UPENN-GBM-00619_rh_volume_superiorfrontal,11,508.009513346354
UPENN-GBM-00619_rh_volume_superiorfrontal,12,521.607189941406
UPENN-GBM-00619_rh_volume_superiorfrontal,13,517.382318115234
UPENN-GBM-00619_rh_volume_superiorfrontal,14,476.41250406901
UPENN-GBM-00619_rh_volume_superiorfrontal,15,400.32846883138
UPENN-GBM-00619_rh_volume_superiorfrontal,16,267.996141560872
UPENN-GBM-00619_rh_volume_superiorfrontal,17,236.131357828776
UPENN-GBM-00619_rh_volume_superiorfrontal,18,307.239514160156
UPENN-GBM-00619_rh_volume_superiorfrontal,19,384.268650309245
UPENN-GBM-00619_rh_volume_superiorfrontal,20,430.387701416016
UPENN-GBM-00619_rh_volume_superiorfrontal,21,467.836480712891
UPENN-GBM-00619_rh_volume_superiorfrontal,22,477.148256429036
UPENN-GBM-00619_rh_volume_superiorfrontal,23,478.138411458333
UPENN-GBM-00619_rh_volume_superiorfrontal,24,478.668770345052
UPENN-GBM-00619_rh_volume_superiorfrontal,25,454.108502197266
UPENN-GBM-00619_rh_volume_superiorfrontal,26,454.320302327474
UPENN-GBM-00619_rh_volume_superiorfrontal,27,442.595387776693
UPENN-GBM-00619_rh_volume_superiorfrontal,28,453.891778564453
UPENN-GBM-00619_rh_volume_superiorfrontal,29,454.555527750651
UPENN-GBM-00619_rh_volume_superiorfrontal,30,472.855161539714
UPENN-GBM-00619_rh_volume_superiorfrontal,31,470.50830078125
UPENN-GBM-00619_rh_volume_superiorfrontal,32,458.09512125651
UPENN-GBM-00619_rh_volume_superiorfrontal,33,465.345178222656
UPENN-GBM-00619_rh_volume_superiorfrontal,34,458.096844482422
UPENN-GBM-00619_rh_volume_superiorfrontal,35,454.533764648438
UPENN-GBM-00619_rh_volume_superiorfrontal,36,457.695686848958
UPENN-GBM-00619_rh_volume_superiorfrontal,37,457.164331054688
UPENN-GBM-00619_rh_volume_superiorfrontal,38,448.428788248698
UPENN-GBM-00619_rh_volume_superiorfrontal,39,453.184549967448
UPENN-GBM-00619_rh_volume_superiorfrontal,40,465.987784830729
UPENN-GBM-00619_rh_volume_superiorfrontal,41,464.768619791667
UPENN-GBM-00619_rh_volume_superiorfrontal,42,471.584293619792
UPENN-GBM-00619_rh_volume_superiorfrontal,43,466.149623616537
UPENN-GBM-00619_rh_volume_superiorfrontal,44,466.159055582682
UPENN-GBM-00619_lh_volume_rostralmiddlefrontal,0,560.262445068359
UPENN-GBM-00619_lh_volume_rostralmiddlefrontal,1,572.115441894531
UPENN-GBM-00619_lh_volume_rostralmiddlefrontal,2,574.851379394531
UPENN-GBM-00619_lh_volume_rostralmiddlefrontal,3,559.266131591797
UPENN-GBM-00619_lh_volume_rostralmiddlefrontal,4,576.058215332031
UPENN-GBM-00619_lh_volume_rostralmiddlefrontal,5,565.076373291016
UPENN-GBM-00619_lh_volume_rostralmiddlefrontal,6,566.569720458984
UPENN-GBM-00619_lh_volume_rostralmiddlefrontal,7,577.265966796875
UPENN-GBM-00619_lh_volume_rostralmiddlefrontal,8,577.095556640625
UPENN-GBM-00619_lh_volume_rostralmiddlefrontal,9,568.507800292969
UPENN-GBM-00619_lh_volume_rostralmiddlefrontal,10,576.96162109375
UPENN-GBM-00619_lh_volume_rostralmiddlefrontal,11,587.198864746094
UPENN-GBM-00619_lh_volume_rostralmiddlefrontal,12,562.226470947266
UPENN-GBM-00619_lh_volume_rostralmiddlefrontal,13,576.774816894531
UPENN-GBM-00619_lh_volume_rostralmiddlefrontal,14,587.211364746094
UPENN-GBM-00619_lh_volume_rostralmiddlefrontal,15,492.762628173828
UPENN-GBM-00619_lh_volume_rostralmiddlefrontal,16,408.650592041016
UPENN-GBM-00619_lh_volume_rostralmiddlefrontal,17,360.635968017578
UPENN-GBM-00619_lh_volume_rostralmiddlefrontal,18,374.613327026367
UPENN-GBM-00619_lh_volume_rostralmiddlefrontal,19,456.190100097656
UPENN-GBM-00619_lh_volume_rostralmiddlefrontal,20,493.282342529297
UPENN-GBM-00619_lh_volume_rostralmiddlefrontal,21,512.541467285156
UPENN-GBM-00619_lh_volume_rostralmiddlefrontal,22,534.864361572266
UPENN-GBM-00619_lh_volume_rostralmiddlefrontal,23,549.678155517578
UPENN-GBM-00619_lh_volume_rostralmiddlefrontal,24,547.283477783203
UPENN-GBM-00619_lh_volume_rostralmiddlefrontal,25,541.133483886719
UPENN-GBM-00619_lh_volume_rostralmiddlefrontal,26,527.732659912109
UPENN-GBM-00619_lh_volume_rostralmiddlefrontal,27,523.828942871094
UPENN-GBM-00619_lh_volume_rostralmiddlefrontal,28,523.397985839844
UPENN-GBM-00619_lh_volume_rostralmiddlefrontal,29,513.165026855469
UPENN-GBM-00619_lh_volume_rostralmiddlefrontal,30,529.483746337891
UPENN-GBM-00619_lh_volume_rostralmiddlefrontal,31,539.651013183594
UPENN-GBM-00619_lh_volume_rostralmiddlefrontal,32,524.432440185547
UPENN-GBM-00619_lh_volume_rostralmiddlefrontal,33,527.100384521484
UPENN-GBM-00619_lh_volume_rostralmiddlefrontal,34,527.099688720703
UPENN-GBM-00619_lh_volume_rostralmiddlefrontal,35,512.354431152344
UPENN-GBM-00619_lh_volume_rostralmiddlefrontal,36,523.327264404297
UPENN-GBM-00619_lh_volume_rostralmiddlefrontal,37,527.430816650391
UPENN-GBM-00619_lh_volume_rostralmiddlefrontal,38,534.277404785156
UPENN-GBM-00619_lh_volume_rostralmiddlefrontal,39,551.223944091797
UPENN-GBM-00619_lh_volume_rostralmiddlefrontal,40,536.303594970703
UPENN-GBM-00619_lh_volume_rostralmiddlefrontal,41,548.047790527344
UPENN-GBM-00619_lh_volume_rostralmiddlefrontal,42,538.982135009766
UPENN-GBM-00619_lh_volume_rostralmiddlefrontal,43,546.854437255859
UPENN-GBM-00619_lh_volume_rostralmiddlefrontal,44,550.661608886719
UPENN-GBM-00619_lh_volume_superiorfrontal,0,810.941772460938
UPENN-GBM-00619_lh_volume_superiorfrontal,1,835.901092529297
UPENN-GBM-00619_lh_volume_superiorfrontal,2,806.039215087891
UPENN-GBM-00619_lh_volume_superiorfrontal,3,826.745910644531
UPENN-GBM-00619_lh_volume_superiorfrontal,4,795.745697021484
UPENN-GBM-00619_lh_volume_superiorfrontal,5,813.488235473633
UPENN-GBM-00619_lh_volume_superiorfrontal,6,815.300445556641
UPENN-GBM-00619_lh_volume_superiorfrontal,7,811.041717529297
UPENN-GBM-00619_lh_volume_superiorfrontal,8,807.622711181641
UPENN-GBM-00619_lh_volume_superiorfrontal,9,821.462829589844
UPENN-GBM-00619_lh_volume_superiorfrontal,10,812.956665039063
UPENN-GBM-00619_lh_volume_superiorfrontal,11,810.635452270508
UPENN-GBM-00619_lh_volume_superiorfrontal,12,816.786056518555
UPENN-GBM-00619_lh_volume_superiorfrontal,13,813.389358520508
UPENN-GBM-00619_lh_volume_superiorfrontal,14,712.051116943359
UPENN-GBM-00619_lh_volume_superiorfrontal,15,636.158271789551
UPENN-GBM-00619_lh_volume_superiorfrontal,16,557.37215423584
UPENN-GBM-00619_lh_volume_superiorfrontal,17,571.540634155273
UPENN-GBM-00619_lh_volume_superiorfrontal,18,552.394767761231
UPENN-GBM-00619_lh_volume_superiorfrontal,19,600.560440063477
UPENN-GBM-00619_lh_volume_superiorfrontal,20,638.539161682129
UPENN-GBM-00619_lh_volume_superiorfrontal,21,683.573516845703
UPENN-GBM-00619_lh_volume_superiorfrontal,22,704.984024047852
UPENN-GBM-00619_lh_volume_superiorfrontal,23,706.834213256836
UPENN-GBM-00619_lh_volume_superiorfrontal,24,712.074691772461
UPENN-GBM-00619_lh_volume_superiorfrontal,25,728.371154785156
UPENN-GBM-00619_lh_volume_superiorfrontal,26,725.075134277344
UPENN-GBM-00619_lh_volume_superiorfrontal,27,724.535766601563
UPENN-GBM-00619_lh_volume_superiorfrontal,28,731.182632446289
UPENN-GBM-00619_lh_volume_superiorfrontal,29,735.010162353516
UPENN-GBM-00619_lh_volume_superiorfrontal,30,739.75244140625
UPENN-GBM-00619_lh_volume_superiorfrontal,31,751.757110595703
UPENN-GBM-00619_lh_volume_superiorfrontal,32,745.999572753906
UPENN-GBM-00619_lh_volume_superiorfrontal,33,759.104949951172
UPENN-GBM-00619_lh_volume_superiorfrontal,34,747.236938476563
UPENN-GBM-00619_lh_volume_superiorfrontal,35,762.233551025391
UPENN-GBM-00619_lh_volume_superiorfrontal,36,746.111572265625
UPENN-GBM-00619_lh_volume_superiorfrontal,37,753.582794189453
UPENN-GBM-00619_lh_volume_superiorfrontal,38,773.049774169922
UPENN-GBM-00619_lh_volume_superiorfrontal,39,746.264099121094
UPENN-GBM-00619_lh_volume_superiorfrontal,40,754.430969238281
UPENN-GBM-00619_lh_volume_superiorfrontal,41,770.173873901367
UPENN-GBM-00619_lh_volume_superiorfrontal,42,766.568084716797
UPENN-GBM-00619_lh_volume_superiorfrontal,43,771.320266723633
UPENN-GBM-00619_lh_volume_superiorfrontal,44,765.641159057617
UPENN-GBM-00620_rh_volume_superiorfrontal,0,246.85318985146787
UPENN-GBM-00620_rh_volume_superiorfrontal,1,252.840047138185
UPENN-GBM-00620_rh_volume_superiorfrontal,2,252.0624364687937
UPENN-GBM-00620_rh_volume_superiorfrontal,3,254.02511826458195
UPENN-GBM-00620_rh_volume_superiorfrontal,4,249.3804487318535
UPENN-GBM-00620_rh_volume_superiorfrontal,5,247.42295134110017
UPENN-GBM-00620_rh_volume_superiorfrontal,6,253.21640886870836
UPENN-GBM-00620_rh_volume_superiorfrontal,7,250.4098848756329
UPENN-GBM-00620_rh_volume_superiorfrontal,8,252.86019801134347
UPENN-GBM-00620_rh_volume_superiorfrontal,9,250.1494996525993
UPENN-GBM-00620_rh_volume_superiorfrontal,10,252.2262903004934
UPENN-GBM-00620_rh_volume_superiorfrontal,11,252.50031994941727
UPENN-GBM-00620_rh_volume_superiorfrontal,12,251.85473276202163
UPENN-GBM-00620_rh_volume_superiorfrontal,13,249.1868130747851
UPENN-GBM-00620_rh_volume_superiorfrontal,14,251.23250041498733
UPENN-GBM-00620_rh_volume_superiorfrontal,15,253.7358138792756
UPENN-GBM-00620_rh_volume_superiorfrontal,16,252.5456324240136
UPENN-GBM-00620_rh_volume_superiorfrontal,17,253.73925287459585
UPENN-GBM-00620_rh_volume_superiorfrontal,18,249.88030455288
UPENN-GBM-00620_rh_volume_superiorfrontal,19,250.71943045675027
UPENN-GBM-00620_rh_volume_superiorfrontal,20,253.6396106553584
UPENN-GBM-00620_rh_volume_superiorfrontal,21,251.6282372319399
UPENN-GBM-00620_rh_volume_superiorfrontal,22,255.98514378199263
UPENN-GBM-00620_rh_volume_superiorfrontal,23,252.6061509167506
UPENN-GBM-00620_rh_volume_superiorfrontal,24,249.7771592126729
UPENN-GBM-00620_rh_volume_superiorfrontal,25,251.27412877656928
UPENN-GBM-00620_rh_volume_superiorfrontal,26,255.62867771325693
UPENN-GBM-00620_rh_volume_superiorfrontal,27,249.4361785281695
UPENN-GBM-00620_rh_volume_superiorfrontal,28,248.97423914089853
UPENN-GBM-00620_rh_volume_superiorfrontal,29,247.54073236191695
UPENN-GBM-00620_rh_volume_superiorfrontal,30,247.8434543907268
UPENN-GBM-00620_rh_volume_superiorfrontal,31,244.93168550880384
UPENN-GBM-00620_rh_volume_superiorfrontal,32,249.28478093122493
UPENN-GBM-00620_rh_volume_superiorfrontal,33,247.687770718266
UPENN-GBM-00620_rh_volume_superiorfrontal,34,248.329096398625
UPENN-GBM-00620_rh_volume_superiorfrontal,35,249.94390013116788
UPENN-GBM-00620_rh_volume_superiorfrontal,36,255.0833484261825
UPENN-GBM-00620_rh_volume_superiorfrontal,37,253.24676342581225
UPENN-GBM-00620_rh_volume_superiorfrontal,38,251.19789392548196
UPENN-GBM-00620_rh_volume_superiorfrontal,39,253.63996606059325
UPENN-GBM-00620_rh_volume_superiorfrontal,40,251.9003132401271
UPENN-GBM-00620_rh_volume_superiorfrontal,41,251.0575700745677
UPENN-GBM-00620_rh_volume_superiorfrontal,42,254.478165321912
UPENN-GBM-00620_rh_volume_superiorfrontal,43,248.65461244813403
UPENN-GBM-00620_rh_volume_superiorfrontal,44,255.27008299968548
UPENN-GBM-00620_lh_volume_rostralmiddlefrontal,0,227.33154509697115
UPENN-GBM-00620_lh_volume_rostralmiddlefrontal,1,228.7286293505877
UPENN-GBM-00620_lh_volume_rostralmiddlefrontal,2,226.09225391027215
UPENN-GBM-00620_lh_volume_rostralmiddlefrontal,3,227.7512734489916
UPENN-GBM-00620_lh_volume_rostralmiddlefrontal,4,229.5531361043398
UPENN-GBM-00620_lh_volume_rostralmiddlefrontal,5,229.25571440623523
UPENN-GBM-00620_lh_volume_rostralmiddlefrontal,6,227.92715195888545
UPENN-GBM-00620_lh_volume_rostralmiddlefrontal,7,229.6778967896191
UPENN-GBM-00620_lh_volume_rostralmiddlefrontal,8,230.86591614714865
UPENN-GBM-00620_lh_volume_rostralmiddlefrontal,9,227.5202280267499
UPENN-GBM-00620_lh_volume_rostralmiddlefrontal,10,231.38929098023448
UPENN-GBM-00620_lh_volume_rostralmiddlefrontal,11,228.4366976135556
UPENN-GBM-00620_lh_volume_rostralmiddlefrontal,12,226.59798439915127
UPENN-GBM-00620_lh_volume_rostralmiddlefrontal,13,227.43867192135627
UPENN-GBM-00620_lh_volume_rostralmiddlefrontal,14,226.28590511847625
UPENN-GBM-00620_lh_volume_rostralmiddlefrontal,15,229.6567492954292
UPENN-GBM-00620_lh_volume_rostralmiddlefrontal,16,227.02651787738853
UPENN-GBM-00620_lh_volume_rostralmiddlefrontal,17,230.70113091829444
UPENN-GBM-00620_lh_volume_rostralmiddlefrontal,18,231.3807706021705
UPENN-GBM-00620_lh_volume_rostralmiddlefrontal,19,228.99649815237427
UPENN-GBM-00620_lh_volume_rostralmiddlefrontal,20,230.80107152396204
UPENN-GBM-00620_lh_volume_rostralmiddlefrontal,21,227.3829203057952
UPENN-GBM-00620_lh_volume_rostralmiddlefrontal,22,235.1983652654243
UPENN-GBM-00620_lh_volume_rostralmiddlefrontal,23,230.88761821351773
UPENN-GBM-00620_lh_volume_rostralmiddlefrontal,24,230.0147606385408
UPENN-GBM-00620_lh_volume_rostralmiddlefrontal,25,230.24865211416173
UPENN-GBM-00620_lh_volume_rostralmiddlefrontal,26,235.961581152916
UPENN-GBM-00620_lh_volume_rostralmiddlefrontal,27,226.2665218626149
UPENN-GBM-00620_lh_volume_rostralmiddlefrontal,28,228.146847385274
UPENN-GBM-00620_lh_volume_rostralmiddlefrontal,29,227.34726664188085
UPENN-GBM-00620_lh_volume_rostralmiddlefrontal,30,225.2779721991304
UPENN-GBM-00620_lh_volume_rostralmiddlefrontal,31,229.5572575477485
UPENN-GBM-00620_lh_volume_rostralmiddlefrontal,32,228.25827119964828
UPENN-GBM-00620_lh_volume_rostralmiddlefrontal,33,224.1356205582404
UPENN-GBM-00620_lh_volume_rostralmiddlefrontal,34,225.03466179862627
UPENN-GBM-00620_lh_volume_rostralmiddlefrontal,35,227.965661524988
UPENN-GBM-00620_lh_volume_rostralmiddlefrontal,36,229.8229693206804
UPENN-GBM-00620_lh_volume_rostralmiddlefrontal,37,228.5779287353547
UPENN-GBM-00620_lh_volume_rostralmiddlefrontal,38,224.26149516668903
UPENN-GBM-00620_lh_volume_rostralmiddlefrontal,39,226.4850638849229
UPENN-GBM-00620_lh_volume_rostralmiddlefrontal,40,229.664221056012
UPENN-GBM-00620_lh_volume_rostralmiddlefrontal,41,231.53451642468264
UPENN-GBM-00620_lh_volume_rostralmiddlefrontal,42,231.1799634413355
UPENN-GBM-00620_lh_volume_rostralmiddlefrontal,43,229.5882905878121
UPENN-GBM-00620_lh_volume_rostralmiddlefrontal,44,229.59927943343925
UPENN-GBM-00620_lh_volume_superiorfrontal,0,443.08570158715344
UPENN-GBM-00620_lh_volume_superiorfrontal,1,449.0901712716794
UPENN-GBM-00620_lh_volume_superiorfrontal,2,448.3752631019144
UPENN-GBM-00620_lh_volume_superiorfrontal,3,451.55950584368526
UPENN-GBM-00620_lh_volume_superiorfrontal,4,448.5538130367504
UPENN-GBM-00620_lh_volume_superiorfrontal,5,437.51348869473327
UPENN-GBM-00620_lh_volume_superiorfrontal,6,449.9712113399132
UPENN-GBM-00620_lh_volume_superiorfrontal,7,436.0671730041504
UPENN-GBM-00620_lh_volume_superiorfrontal,8,445.5525045581893
UPENN-GBM-00620_lh_volume_superiorfrontal,9,439.228871569914
UPENN-GBM-00620_lh_volume_superiorfrontal,10,437.5601693134682
UPENN-GBM-00620_lh_volume_superiorfrontal,11,451.0816718082802
UPENN-GBM-00620_lh_volume_superiorfrontal,12,441.7948093040317
UPENN-GBM-00620_lh_volume_superiorfrontal,13,454.12240452859913
UPENN-GBM-00620_lh_volume_superiorfrontal,14,438.3310102948955
UPENN-GBM-00620_lh_volume_superiorfrontal,15,438.7554207970114
UPENN-GBM-00620_lh_volume_superiorfrontal,16,441.84334405263263
UPENN-GBM-00620_lh_volume_superiorfrontal,17,437.61837201959946
UPENN-GBM-00620_lh_volume_superiorfrontal,18,440.23354188133686
UPENN-GBM-00620_lh_volume_superiorfrontal,19,440.33837797872576
UPENN-GBM-00620_lh_volume_superiorfrontal,20,438.36936514985325
UPENN-GBM-00620_lh_volume_superiorfrontal,21,438.9957107843137
UPENN-GBM-00620_lh_volume_superiorfrontal,22,448.3557550018909
UPENN-GBM-00620_lh_volume_superiorfrontal,23,438.7531017976648
UPENN-GBM-00620_lh_volume_superiorfrontal,24,439.5267326691571
UPENN-GBM-00620_lh_volume_superiorfrontal,25,433.7009267059027
UPENN-GBM-00620_lh_volume_superiorfrontal,26,442.6981123568965
UPENN-GBM-00620_lh_volume_superiorfrontal,27,434.60070179957967
UPENN-GBM-00620_lh_volume_superiorfrontal,28,443.3802983714085
UPENN-GBM-00620_lh_volume_superiorfrontal,29,439.0885761111391
UPENN-GBM-00620_lh_volume_superiorfrontal,30,438.14999597212847
UPENN-GBM-00620_lh_volume_superiorfrontal,31,439.9697525734995
UPENN-GBM-00620_lh_volume_superiorfrontal,32,437.4128968481924
UPENN-GBM-00620_lh_volume_superiorfrontal,33,433.5523094289443
UPENN-GBM-00620_lh_volume_superiorfrontal,34,436.4802236557007
UPENN-GBM-00620_lh_volume_superiorfrontal,35,442.7460071752761
UPENN-GBM-00620_lh_volume_superiorfrontal,36,443.4428174448949
UPENN-GBM-00620_lh_volume_superiorfrontal,37,451.2467736636891
UPENN-GBM-00620_lh_volume_superiorfrontal,38,457.62448028489655
UPENN-GBM-00620_lh_volume_superiorfrontal,39,448.2354768304264
UPENN-GBM-00620_lh_volume_superiorfrontal,40,430.7471836688472
UPENN-GBM-00620_lh_volume_superiorfrontal,41,454.1356876971675
UPENN-GBM-00620_lh_volume_superiorfrontal,42,439.97391001383465
UPENN-GBM-00620_lh_volume_superiorfrontal,43,448.9485724019069
UPENN-GBM-00620_lh_volume_superiorfrontal,44,435.8748610814412
sub-001_rh_volume_superiorfrontal,0,631.4757923725223
sub-001_rh_volume_superiorfrontal,1,612.8094690496272
sub-001_rh_volume_superiorfrontal,2,608.2378415194424
sub-001_rh_volume_superiorfrontal,3,610.3456226695668
sub-001_rh_volume_superiorfrontal,4,604.6192022906847
sub-001_rh_volume_superiorfrontal,5,602.1974623498838
sub-001_rh_volume_superiorfrontal,6,642.0607234229726
sub-001_rh_volume_superiorfrontal,7,641.5780016686306
sub-001_rh_volume_superiorfrontal,8,629.8359783582451
sub-001_rh_volume_superiorfrontal,9,627.4113802318731
sub-001_rh_volume_superiorfrontal,10,633.3168396752728
sub-001_rh_volume_superiorfrontal,11,640.7230780735489
sub-001_rh_volume_superiorfrontal,12,633.7907572344315
sub-001_rh_volume_superiorfrontal,13,627.9390729163304
sub-001_rh_volume_superiorfrontal,14,625.3113360444377
sub-001_rh_volume_superiorfrontal,15,628.6633493722962
sub-001_rh_volume_superiorfrontal,16,629.5129134753519
sub-001_rh_volume_superiorfrontal,17,632.4124470860505
sub-001_rh_volume_superiorfrontal,18,626.919235733915
sub-001_rh_volume_superiorfrontal,19,627.7621646597365
sub-001_rh_volume_superiorfrontal,20,633.1189189311887
sub-001_rh_volume_superiorfrontal,21,635.0215736578318
sub-001_rh_volume_superiorfrontal,22,638.2686230367865
sub-001_rh_volume_superiorfrontal,23,635.5161238741283
sub-001_rh_volume_superiorfrontal,24,638.7120344934385
sub-001_rh_volume_superiorfrontal,25,635.2166529884023
sub-001_rh_volume_superiorfrontal,26,637.587153285003
sub-001_rh_volume_superiorfrontal,27,614.3250741249274
sub-001_rh_volume_superiorfrontal,28,630.4712041429252
sub-001_rh_volume_superiorfrontal,29,636.5218930835566
sub-001_rh_volume_superiorfrontal,30,634.365659855614
sub-001_rh_volume_superiorfrontal,31,615.7874802518483
sub-001_rh_volume_superiorfrontal,32,601.3134130052299
sub-001_rh_volume_superiorfrontal,33,599.7557056521581
sub-001_rh_volume_superiorfrontal,34,590.7088866430865
sub-001_rh_volume_superiorfrontal,35,601.6784456111183
sub-001_rh_volume_superiorfrontal,36,600.314394864169
sub-001_rh_volume_superiorfrontal,37,604.6758216038223
sub-001_rh_volume_superiorfrontal,38,609.3573868176169
sub-001_rh_volume_superiorfrontal,39,619.7733847878196
sub-001_rh_volume_superiorfrontal,40,630.0728024569424
sub-001_rh_volume_superiorfrontal,41,639.6209999273631
sub-001_rh_volume_superiorfrontal,42,633.7270375401521
sub-001_rh_volume_superiorfrontal,43,627.5411481620852
sub-001_rh_volume_superiorfrontal,44,626.5676529308981
sub-001_lh_volume_rostralmiddlefrontal,0,666.5310622706558
sub-001_lh_volume_rostralmiddlefrontal,1,656.0090054598721
sub-001_lh_volume_rostralmiddlefrontal,2,650.8497545646899
sub-001_lh_volume_rostralmiddlefrontal,3,647.5549686316288
sub-001_lh_volume_rostralmiddlefrontal,4,642.9332395611387
sub-001_lh_volume_rostralmiddlefrontal,5,645.6282774029356
sub-001_lh_volume_rostralmiddlefrontal,6,660.7334946141099
sub-001_lh_volume_rostralmiddlefrontal,7,666.2955322265625
sub-001_lh_volume_rostralmiddlefrontal,8,656.8874557957505
sub-001_lh_volume_rostralmiddlefrontal,9,650.5913520581795
sub-001_lh_volume_rostralmiddlefrontal,10,658.8396366003788
sub-001_lh_volume_rostralmiddlefrontal,11,672.3648385712595
sub-001_lh_volume_rostralmiddlefrontal,12,658.882978034742
sub-001_lh_volume_rostralmiddlefrontal,13,643.41660193241
sub-001_lh_volume_rostralmiddlefrontal,14,653.5375504927201
sub-001_lh_volume_rostralmiddlefrontal,15,654.0497427275686
sub-001_lh_volume_rostralmiddlefrontal,16,652.4562581380209
sub-001_lh_volume_rostralmiddlefrontal,17,650.4264729817709
sub-001_lh_volume_rostralmiddlefrontal,18,647.534276788885
sub-001_lh_volume_rostralmiddlefrontal,19,647.7425379897609
sub-001_lh_volume_rostralmiddlefrontal,20,656.9511237866951
sub-001_lh_volume_rostralmiddlefrontal,21,655.7038981119791
sub-001_lh_volume_rostralmiddlefrontal,22,657.4881360603101
sub-001_lh_volume_rostralmiddlefrontal,23,655.278085419626
sub-001_lh_volume_rostralmiddlefrontal,24,659.6645970200047
sub-001_lh_volume_rostralmiddlefrontal,25,650.0725892962831
sub-001_lh_volume_rostralmiddlefrontal,26,644.8420918782552
sub-001_lh_volume_rostralmiddlefrontal,27,640.8158171682646
sub-001_lh_volume_rostralmiddlefrontal,28,612.732636422822
sub-001_lh_volume_rostralmiddlefrontal,29,683.4763719963305
sub-001_lh_volume_rostralmiddlefrontal,30,649.3301511822325
sub-001_lh_volume_rostralmiddlefrontal,31,641.5658338142164
sub-001_lh_volume_rostralmiddlefrontal,32,630.2835924553149
sub-001_lh_volume_rostralmiddlefrontal,33,622.7672905199455
sub-001_lh_volume_rostralmiddlefrontal,34,623.7185622706558
sub-001_lh_volume_rostralmiddlefrontal,35,632.0629623875474
sub-001_lh_volume_rostralmiddlefrontal,36,634.1619207208806
sub-001_lh_volume_rostralmiddlefrontal,37,633.5381266276041
sub-001_lh_volume_rostralmiddlefrontal,38,640.5376799612334
sub-001_lh_volume_rostralmiddlefrontal,39,650.1671040852865
sub-001_lh_volume_rostralmiddlefrontal,40,669.8314467921401
sub-001_lh_volume_rostralmiddlefrontal,41,673.7632538766572
sub-001_lh_volume_rostralmiddlefrontal,42,667.8197576349431
sub-001_lh_volume_rostralmiddlefrontal,43,654.1305995131984
sub-001_lh_volume_rostralmiddlefrontal,44,646.7814636230469
sub-001_lh_volume_superiorfrontal,0,642.5413623639007
sub-001_lh_volume_superiorfrontal,1,613.6275412716083
sub-001_lh_volume_superiorfrontal,2,612.3807899133483
sub-001_lh_volume_superiorfrontal,3,608.2071577613034
sub-001_lh_volume_superiorfrontal,4,601.636657145486
sub-001_lh_volume_superiorfrontal,5,604.2248699131296
sub-001_lh_volume_superiorfrontal,6,655.5512441378921
sub-001_lh_volume_superiorfrontal,7,635.1225383246123
sub-001_lh_volume_superiorfrontal,8,633.1252231882579
sub-001_lh_volume_superiorfrontal,9,616.6235785413144
sub-001_lh_volume_superiorfrontal,10,614.642317928485
sub-001_lh_volume_superiorfrontal,11,643.2472180039135
sub-001_lh_volume_superiorfrontal,12,637.0426781497785
sub-001_lh_volume_superiorfrontal,13,613.1035116394954
sub-001_lh_volume_superiorfrontal,14,608.4714527414806
sub-001_lh_volume_superiorfrontal,15,610.0699947983471
sub-001_lh_volume_superiorfrontal,16,617.2920961522344
sub-001_lh_volume_superiorfrontal,17,619.1883500511966
sub-001_lh_volume_superiorfrontal,18,608.7862174190692
sub-001_lh_volume_superiorfrontal,19,608.6578551335122
sub-001_lh_volume_superiorfrontal,20,618.0950438086667
sub-001_lh_volume_superiorfrontal,21,631.9472718879358
sub-001_lh_volume_superiorfrontal,22,626.4168611213343
sub-001_lh_volume_superiorfrontal,23,624.7918372083066
sub-001_lh_volume_superiorfrontal,24,633.3354746121079
sub-001_lh_volume_superiorfrontal,25,628.1171028934308
sub-001_lh_volume_superiorfrontal,26,621.0034446146951
sub-001_lh_volume_superiorfrontal,27,618.0899528389547
sub-001_lh_volume_superiorfrontal,28,616.9554314684513
sub-001_lh_volume_superiorfrontal,29,623.8480798522038
sub-001_lh_volume_superiorfrontal,30,622.6895564065051
sub-001_lh_volume_superiorfrontal,31,604.8189477493514
sub-001_lh_volume_superiorfrontal,32,580.8403319173784
sub-001_lh_volume_superiorfrontal,33,568.8290309621327
sub-001_lh_volume_superiorfrontal,34,558.9266619326463
sub-001_lh_volume_superiorfrontal,35,567.6057914620015
sub-001_lh_volume_superiorfrontal,36,579.7450847341054
sub-001_lh_volume_superiorfrontal,37,577.2725800471519
sub-001_lh_volume_superiorfrontal,38,590.829358115125
sub-001_lh_volume_superiorfrontal,39,608.5615111393715
sub-001_lh_volume_superiorfrontal,40,624.6218803747377
sub-001_lh_volume_superiorfrontal,41,644.6967689172545
sub-001_lh_volume_superiorfrontal,42,645.6333687625714
sub-001_lh_volume_superiorfrontal,43,634.5303623711885
sub-001_lh_volume_superiorfrontal,44,615.1944941050971
sub-002_rh_volume_superiorfrontal,0,747.2659074832231
sub-002_rh_volume_superiorfrontal,1,743.7679166549291
sub-002_rh_volume_superiorfrontal,2,742.9090575193748
sub-002_rh_volume_superiorfrontal,3,743.5004386901855
sub-002_rh_volume_superiorfrontal,4,743.9234946813339
sub-002_rh_volume_superiorfrontal,5,741.8943700545873
sub-002_rh_volume_superiorfrontal,6,741.2140021690956
sub-002_rh_volume_superiorfrontal,7,741.7258998186161
sub-002_rh_volume_superiorfrontal,8,743.5012077918419
sub-002_rh_volume_superiorfrontal,9,742.5706669734075
sub-002_rh_volume_superiorfrontal,10,743.4000344887758
sub-002_rh_volume_superiorfrontal,11,743.7739554185134
sub-002_rh_volume_superiorfrontal,12,742.1745478312174
sub-002_rh_volume_superiorfrontal,13,742.2317003103403
sub-002_rh_volume_superiorfrontal,14,741.1638011443309
sub-002_rh_volume_superiorfrontal,15,742.5363297095665
sub-002_rh_volume_superiorfrontal,16,740.362832191663
sub-002_rh_volume_superiorfrontal,17,743.1865762563853
sub-002_rh_volume_superiorfrontal,18,741.7235882098859
sub-002_rh_volume_superiorfrontal,19,742.0841001852965
sub-002_rh_volume_superiorfrontal,20,741.8987013009878
sub-002_rh_volume_superiorfrontal,21,741.9043502807617
sub-002_rh_volume_superiorfrontal,22,740.7384913517878
sub-002_rh_volume_superiorfrontal,23,740.2979437021108
sub-002_rh_volume_superiorfrontal,24,740.5528857891376
sub-002_rh_volume_superiorfrontal,25,740.5897429050543
sub-002_rh_volume_superiorfrontal,26,740.392397073599
sub-002_rh_volume_superiorfrontal,27,740.3767315791204
sub-002_rh_volume_superiorfrontal,28,739.9222030639648
sub-002_rh_volume_superiorfrontal,29,740.4967649410933
sub-002_rh_volume_superiorfrontal,30,740.1009799272587
sub-002_rh_volume_superiorfrontal,31,739.8662146543845
sub-002_rh_volume_superiorfrontal,32,739.1429177308694
sub-002_rh_volume_superiorfrontal,33,742.0253778115297
sub-002_rh_volume_superiorfrontal,34,740.6519195361016
sub-002_rh_volume_superiorfrontal,35,738.5935490926107
sub-002_rh_volume_superiorfrontal,36,740.1262781192095
sub-002_rh_volume_superiorfrontal,37,740.3723204197028
sub-002_rh_volume_superiorfrontal,38,740.2184046231783
sub-002_rh_volume_superiorfrontal,39,738.8051401774088
sub-002_rh_volume_superiorfrontal,40,740.8471958453839
sub-002_rh_volume_superiorfrontal,41,739.1083615620931
sub-002_rh_volume_superiorfrontal,42,739.5493680513822
sub-002_rh_volume_superiorfrontal,43,739.8867550385304
sub-002_rh_volume_superiorfrontal,44,740.662255115998
sub-002_lh_volume_rostralmiddlefrontal,0,733.921162486588
sub-002_lh_volume_rostralmiddlefrontal,1,734.4094235661715
sub-002_lh_volume_rostralmiddlefrontal,2,735.1558722631103
sub-002_lh_volume_rostralmiddlefrontal,3,734.7433442864807
sub-002_lh_volume_rostralmiddlefrontal,4,733.9479666124597
sub-002_lh_volume_rostralmiddlefrontal,5,732.614301034821
sub-002_lh_volume_rostralmiddlefrontal,6,731.7399113863835
sub-002_lh_volume_rostralmiddlefrontal,7,732.8397669976362
sub-002_lh_volume_rostralmiddlefrontal,8,734.6091628176972
sub-002_lh_volume_rostralmiddlefrontal,9,732.8872122703192
sub-002_lh_volume_rostralmiddlefrontal,10,734.7551806535844
sub-002_lh_volume_rostralmiddlefrontal,11,732.2141569080271
sub-002_lh_volume_rostralmiddlefrontal,12,731.8788517636802
sub-002_lh_volume_rostralmiddlefrontal,13,733.6450318430626
sub-002_lh_volume_rostralmiddlefrontal,14,733.4737334026288
sub-002_lh_volume_rostralmiddlefrontal,15,732.0441569708959
sub-002_lh_volume_rostralmiddlefrontal,16,729.7873013868864
sub-002_lh_volume_rostralmiddlefrontal,17,732.2651914670232
sub-002_lh_volume_rostralmiddlefrontal,18,734.3216476767872
sub-002_lh_volume_rostralmiddlefrontal,19,733.8013971025852
sub-002_lh_volume_rostralmiddlefrontal,20,731.5551611118563
sub-002_lh_volume_rostralmiddlefrontal,21,732.5039169900919
sub-002_lh_volume_rostralmiddlefrontal,22,732.5819081318737
sub-002_lh_volume_rostralmiddlefrontal,23,731.9682174486152
sub-002_lh_volume_rostralmiddlefrontal,24,734.3330332219856
sub-002_lh_volume_rostralmiddlefrontal,25,731.3674987007108
sub-002_lh_volume_rostralmiddlefrontal,26,731.2506313078393
sub-002_lh_volume_rostralmiddlefrontal,27,731.4081677612828
sub-002_lh_volume_rostralmiddlefrontal,28,733.6686576876006
sub-002_lh_volume_rostralmiddlefrontal,29,732.1435976478675
sub-002_lh_volume_rostralmiddlefrontal,30,732.9081329214727
sub-002_lh_volume_rostralmiddlefrontal,31,731.1770970422311
sub-002_lh_volume_rostralmiddlefrontal,32,732.1804351151757
sub-002_lh_volume_rostralmiddlefrontal,33,735.2352897414834
sub-002_lh_volume_rostralmiddlefrontal,34,732.6377608008651
sub-002_lh_volume_rostralmiddlefrontal,35,730.2198994517838
sub-002_lh_volume_rostralmiddlefrontal,36,731.8055996219488
sub-002_lh_volume_rostralmiddlefrontal,37,733.4195294687165
sub-002_lh_volume_rostralmiddlefrontal,38,730.759705899611
sub-002_lh_volume_rostralmiddlefrontal,39,730.8571470858201
sub-002_lh_volume_rostralmiddlefrontal,40,731.8674659565283
sub-002_lh_volume_rostralmiddlefrontal,41,731.6056198971465
sub-002_lh_volume_rostralmiddlefrontal,42,731.5174345745038
sub-002_lh_volume_rostralmiddlefrontal,43,731.9381040646795
sub-002_lh_volume_rostralmiddlefrontal,44,732.1805375389787
sub-002_lh_volume_superiorfrontal,0,714.7924299218967
sub-002_lh_volume_superiorfrontal,1,713.3707128554385
sub-002_lh_volume_superiorfrontal,2,712.124174198396
sub-002_lh_volume_superiorfrontal,3,713.1718558503889
sub-002_lh_volume_superiorfrontal,4,710.5995255362433
sub-002_lh_volume_superiorfrontal,5,711.4795774472526
sub-002_lh_volume_superiorfrontal,6,709.0921350043523
sub-002_lh_volume_superiorfrontal,7,711.2761147915656
sub-002_lh_volume_superiorfrontal,8,712.9842802669415
sub-002_lh_volume_superiorfrontal,9,711.2072649699886
sub-002_lh_volume_superiorfrontal,10,710.1708334776885
sub-002_lh_volume_superiorfrontal,11,708.8361672276668
sub-002_lh_volume_superiorfrontal,12,708.064686912655
sub-002_lh_volume_superiorfrontal,13,710.628445306004
sub-002_lh_volume_superiorfrontal,14,710.0175911846288
sub-002_lh_volume_superiorfrontal,15,710.4115897641742
sub-002_lh_volume_superiorfrontal,16,706.6562144751031
sub-002_lh_volume_superiorfrontal,17,712.8554509537183
sub-002_lh_volume_superiorfrontal,18,710.817636155765
sub-002_lh_volume_superiorfrontal,19,711.059167494002
sub-002_lh_volume_superiorfrontal,20,707.287439993374
sub-002_lh_volume_superiorfrontal,21,710.3873419581919
sub-002_lh_volume_superiorfrontal,22,708.1795184014906
sub-002_lh_volume_superiorfrontal,23,706.3178621617759
sub-002_lh_volume_superiorfrontal,24,707.0875410600142
sub-002_lh_volume_superiorfrontal,25,704.0068987319845
sub-002_lh_volume_superiorfrontal,26,704.9754648821846
sub-002_lh_volume_superiorfrontal,27,704.9637660261268
sub-002_lh_volume_superiorfrontal,28,705.5168687773914
sub-002_lh_volume_superiorfrontal,29,706.0071342789678
sub-002_lh_volume_superiorfrontal,30,704.0114914583261
sub-002_lh_volume_superiorfrontal,31,704.9377159237068
sub-002_lh_volume_superiorfrontal,32,705.9467673967789
sub-002_lh_volume_superiorfrontal,33,707.4450170681905
sub-002_lh_volume_superiorfrontal,34,707.2255299773291
sub-002_lh_volume_superiorfrontal,35,704.8332168342268
sub-002_lh_volume_superiorfrontal,36,704.9593493002745
sub-002_lh_volume_superiorfrontal,37,705.7310091344322
sub-002_lh_volume_superiorfrontal,38,704.0774538839471
sub-002_lh_volume_superiorfrontal,39,702.8656466668039
sub-002_lh_volume_superiorfrontal,40,703.1096879574253
sub-002_lh_volume_superiorfrontal,41,700.8049151976727
sub-002_lh_volume_superiorfrontal,42,703.00522980616
sub-002_lh_volume_superiorfrontal,43,705.8248190869249
sub-002_lh_volume_superiorfrontal,44,702.943859024217
sub-004_lh_volume_rostralmiddlefrontal,0,533.401171003069
sub-004_lh_volume_rostralmiddlefrontal,1,537.831146240234
sub-004_lh_volume_rostralmiddlefrontal,2,532.23626273019
sub-004_lh_volume_rostralmiddlefrontal,3,533.677481515067
sub-004_lh_volume_rostralmiddlefrontal,4,534.483217511858
sub-004_lh_volume_rostralmiddlefrontal,5,530.034419468471
sub-004_lh_volume_rostralmiddlefrontal,6,531.067101614816
sub-004_lh_volume_rostralmiddlefrontal,7,534.48481968471
sub-004_lh_volume_rostralmiddlefrontal,8,531.431769234794
sub-004_lh_volume_rostralmiddlefrontal,9,537.534107753209
sub-004_lh_volume_rostralmiddlefrontal,10,537.567293439593
sub-004_lh_volume_rostralmiddlefrontal,11,534.307179042271
sub-004_lh_volume_rostralmiddlefrontal,12,536.874795096261
sub-004_lh_volume_rostralmiddlefrontal,13,540.956843784877
sub-004_lh_volume_rostralmiddlefrontal,14,537.165494646345
sub-004_lh_volume_rostralmiddlefrontal,15,536.058513096401
sub-004_lh_volume_rostralmiddlefrontal,16,540.075522286551
sub-004_lh_volume_rostralmiddlefrontal,17,538.609473092215
sub-004_lh_volume_rostralmiddlefrontal,18,540.36697605678
sub-004_lh_volume_rostralmiddlefrontal,19,538.274847848075
sub-004_lh_volume_rostralmiddlefrontal,20,536.201501028878
sub-004_lh_volume_rostralmiddlefrontal,21,532.733677455357
sub-004_lh_volume_rostralmiddlefrontal,22,534.686388288225
sub-004_lh_volume_rostralmiddlefrontal,23,537.303870064872
sub-004_lh_volume_rostralmiddlefrontal,24,546.370871407645
sub-004_lh_volume_rostralmiddlefrontal,25,543.874991280692
sub-004_lh_volume_rostralmiddlefrontal,26,537.05836050851
sub-004_lh_volume_rostralmiddlefrontal,27,533.263597760882
sub-004_lh_volume_rostralmiddlefrontal,28,533.598124912807
sub-004_lh_volume_rostralmiddlefrontal,29,532.019308907645
sub-004_lh_volume_rostralmiddlefrontal,30,533.568740844727
sub-004_lh_volume_rostralmiddlefrontal,31,533.406720842634
sub-004_lh_volume_rostralmiddlefrontal,32,538.111733572824
sub-004_lh_volume_rostralmiddlefrontal,33,540.733385358538
sub-004_lh_volume_rostralmiddlefrontal,34,540.020150320871
sub-004_lh_volume_rostralmiddlefrontal,35,539.091018676758
sub-004_lh_volume_rostralmiddlefrontal,36,537.775072370257
sub-004_lh_volume_rostralmiddlefrontal,37,540.542857578823
sub-004_lh_volume_rostralmiddlefrontal,38,544.185174124582
sub-004_lh_volume_rostralmiddlefrontal,39,545.651105608259
sub-004_lh_volume_rostralmiddlefrontal,40,544.021754673549
sub-004_lh_volume_rostralmiddlefrontal,41,541.929582868304
sub-004_lh_volume_rostralmiddlefrontal,42,537.548987252372
sub-004_lh_volume_rostralmiddlefrontal,43,534.267013549805
sub-004_lh_volume_rostralmiddlefrontal,44,536.222030639648
sub-004_lh_volume_superiorfrontal,0,475.672507546165
sub-004_lh_volume_superiorfrontal,1,479.418429287997
sub-004_lh_volume_superiorfrontal,2,474.492151433771
sub-004_lh_volume_superiorfrontal,3,472.156133478338
sub-004_lh_volume_superiorfrontal,4,478.811950683594
sub-004_lh_volume_superiorfrontal,5,468.766937255859
sub-004_lh_volume_superiorfrontal,6,469.945981112393
sub-004_lh_volume_superiorfrontal,7,475.163152521307
sub-004_lh_volume_superiorfrontal,8,464.707980069247
sub-004_lh_volume_superiorfrontal,9,482.509108109908
sub-004_lh_volume_superiorfrontal,10,475.166401256215
sub-004_lh_volume_superiorfrontal,11,469.861455743963
sub-004_lh_volume_superiorfrontal,12,478.83847323331
sub-004_lh_volume_superiorfrontal,13,485.757044011896
sub-004_lh_volume_superiorfrontal,14,472.625868363814
sub-004_lh_volume_superiorfrontal,15,474.86299272017
sub-004_lh_volume_superiorfrontal,16,482.965135054155
sub-004_lh_volume_superiorfrontal,17,480.44990678267
sub-004_lh_volume_superiorfrontal,18,482.107335870916
sub-004_lh_volume_superiorfrontal,19,479.283352938565
sub-004_lh_volume_superiorfrontal,20,482.651428222656
sub-004_lh_volume_superiorfrontal,21,470.075186989524
sub-004_lh_volume_superiorfrontal,22,473.659526478161
sub-004_lh_volume_superiorfrontal,23,476.388397216797
sub-004_lh_volume_superiorfrontal,24,494.162342418324
sub-004_lh_volume_superiorfrontal,25,492.032734264027
sub-004_lh_volume_superiorfrontal,26,474.769545121626
sub-004_lh_volume_superiorfrontal,27,473.503062855114
sub-004_lh_volume_superiorfrontal,28,477.505398837003
sub-004_lh_volume_superiorfrontal,29,481.174849076705
sub-004_lh_volume_superiorfrontal,30,474.053907914595
sub-004_lh_volume_superiorfrontal,31,475.725627552379
sub-004_lh_volume_superiorfrontal,32,482.514534690163
sub-004_lh_volume_superiorfrontal,33,485.605646306818
sub-004_lh_volume_superiorfrontal,34,480.131095192649
sub-004_lh_volume_superiorfrontal,35,483.099892356179
sub-004_lh_volume_superiorfrontal,36,482.196361194957
sub-004_lh_volume_superiorfrontal,37,488.518121892756
sub-004_lh_volume_superiorfrontal,38,489.06010575728
sub-004_lh_volume_superiorfrontal,39,487.532193270597
sub-004_lh_volume_superiorfrontal,40,488.000995982777
sub-004_lh_volume_superiorfrontal,41,492.966300270774
sub-004_lh_volume_superiorfrontal,42,485.778442382813
sub-004_lh_volume_superiorfrontal,43,476.088728471236
sub-004_lh_volume_superiorfrontal,44,478.187491677024
sub-004_rh_volume_superiorfrontal,0,461.263946533203
sub-004_rh_volume_superiorfrontal,1,448.015555245536
sub-004_rh_volume_superiorfrontal,2,441.651838030134
sub-004_rh_volume_superiorfrontal,3,451.92229788644
sub-004_rh_volume_superiorfrontal,4,450.067208426339
sub-004_rh_volume_superiorfrontal,5,445.890873500279
sub-004_rh_volume_superiorfrontal,6,452.681278773717
sub-004_rh_volume_superiorfrontal,7,445.230006626674
sub-004_rh_volume_superiorfrontal,8,457.703142438616
sub-004_rh_volume_superiorfrontal,9,452.002816336496
sub-004_rh_volume_superiorfrontal,10,442.517630440848
sub-004_rh_volume_superiorfrontal,11,460.174560546875
sub-004_rh_volume_superiorfrontal,12,449.677804129464
sub-004_rh_volume_superiorfrontal,13,448.039520263672
sub-004_rh_volume_superiorfrontal,14,444.635864257813
sub-004_rh_volume_superiorfrontal,15,466.417877197266
sub-004_rh_volume_superiorfrontal,16,456.651489257813
sub-004_rh_volume_superiorfrontal,17,449.640795026507
sub-004_rh_volume_superiorfrontal,18,444.366751534598
sub-004_rh_volume_superiorfrontal,19,460.390764508929
sub-004_rh_volume_superiorfrontal,20,462.219491141183
sub-004_rh_volume_superiorfrontal,21,462.603567940848
sub-004_rh_volume_superiorfrontal,22,455.838697160993
sub-004_rh_volume_superiorfrontal,23,454.983367919922
sub-004_rh_volume_superiorfrontal,24,444.190826416016
sub-004_rh_volume_superiorfrontal,25,455.448303222656
sub-004_rh_volume_superiorfrontal,26,449.404022216797
sub-004_rh_volume_superiorfrontal,27,461.780613490513
sub-004_rh_volume_superiorfrontal,28,457.595533098493
sub-004_rh_volume_superiorfrontal,29,452.4701058524
sub-004_rh_volume_superiorfrontal,30,452.301967075893
sub-004_rh_volume_superiorfrontal,31,458.628849574498
sub-004_rh_volume_superiorfrontal,32,454.154963902065
sub-004_rh_volume_superiorfrontal,33,454.806954520089
sub-004_rh_volume_superiorfrontal,34,457.793936593192
sub-004_rh_volume_superiorfrontal,35,448.671382359096
sub-004_rh_volume_superiorfrontal,36,449.505166190011
sub-004_rh_volume_superiorfrontal,37,453.252567836217
sub-004_rh_volume_superiorfrontal,38,448.207746233259
sub-004_rh_volume_superiorfrontal,39,449.794721330915
sub-004_rh_volume_superiorfrontal,40,450.841360909598
sub-004_rh_volume_superiorfrontal,41,453.79922921317
sub-004_rh_volume_superiorfrontal,42,449.54829624721
sub-004_rh_volume_superiorfrontal,43,445.672049386161
sub-004_rh_volume_superiorfrontal,44,452.933929443359
sub-005_rh_volume_superiorfrontal,0,737.4050252278646
sub-005_rh_volume_superiorfrontal,1,740.7514503115699
sub-005_rh_volume_superiorfrontal,2,740.9437633696057
sub-005_rh_volume_superiorfrontal,3,740.9213698614211
sub-005_rh_volume_superiorfrontal,4,748.1559866768973
sub-005_rh_volume_superiorfrontal,5,741.2990652901785
sub-005_rh_volume_superiorfrontal,6,737.2920834495908
sub-005_rh_volume_superiorfrontal,7,738.7448713030134
sub-005_rh_volume_superiorfrontal,8,740.3019856770833
sub-005_rh_volume_superiorfrontal,9,738.9538335890998
sub-005_rh_volume_superiorfrontal,10,738.6055582682292
sub-005_rh_volume_superiorfrontal,11,743.7464303152901
sub-005_rh_volume_superiorfrontal,12,735.9945498511905
sub-005_rh_volume_superiorfrontal,13,739.8303158714658
sub-005_rh_volume_superiorfrontal,14,742.3598068963913
sub-005_rh_volume_superiorfrontal,15,744.182680547805
sub-005_rh_volume_superiorfrontal,16,742.3955083937872
sub-005_rh_volume_superiorfrontal,17,740.2182198660714
sub-005_rh_volume_superiorfrontal,18,745.2097249348958
sub-005_rh_volume_superiorfrontal,19,752.8243332635789
sub-005_rh_volume_superiorfrontal,20,745.8960315522694
sub-005_rh_volume_superiorfrontal,21,752.5853905087425
sub-005_rh_volume_superiorfrontal,22,748.5451468331473
sub-005_rh_volume_superiorfrontal,23,744.1716668991816
sub-005_rh_volume_superiorfrontal,24,737.573351469494
sub-005_rh_volume_superiorfrontal,25,738.4355817522321
sub-005_rh_volume_superiorfrontal,26,734.4036225818452
sub-005_rh_volume_superiorfrontal,27,738.646553548177
sub-005_rh_volume_superiorfrontal,28,736.3475696382069
sub-005_rh_volume_superiorfrontal,29,741.6599161783854
sub-005_rh_volume_superiorfrontal,30,747.0420212518601
sub-005_rh_volume_superiorfrontal,31,752.5157790411087
sub-005_rh_volume_superiorfrontal,32,747.4864484514509
sub-005_rh_volume_superiorfrontal,33,750.8062459309896
sub-005_rh_volume_superiorfrontal,34,748.9649251302084
sub-005_rh_volume_superiorfrontal,35,749.9621645972842
sub-005_rh_volume_superiorfrontal,36,752.5306100027901
sub-005_rh_volume_superiorfrontal,37,750.6291253952753
sub-005_rh_volume_superiorfrontal,38,749.4319800967262
sub-005_rh_volume_superiorfrontal,39,746.8433936709449
sub-005_rh_volume_superiorfrontal,40,744.6792962937128
sub-005_rh_volume_superiorfrontal,41,738.1301234654018
sub-005_rh_volume_superiorfrontal,42,742.3382521856399
sub-005_rh_volume_superiorfrontal,43,739.8466575985863
sub-005_rh_volume_superiorfrontal,44,739.7315051850818
sub-005_lh_volume_rostralmiddlefrontal,0,666.1095971679688
sub-005_lh_volume_rostralmiddlefrontal,1,661.2324145507813
sub-005_lh_volume_rostralmiddlefrontal,2,670.3294580078125
sub-005_lh_volume_rostralmiddlefrontal,3,660.9676489257813
sub-005_lh_volume_rostralmiddlefrontal,4,677.4089184570313
sub-005_lh_volume_rostralmiddlefrontal,5,659.7094970703125
sub-005_lh_volume_rostralmiddlefrontal,6,656.0076708984375
sub-005_lh_volume_rostralmiddlefrontal,7,661.415615234375
sub-005_lh_volume_rostralmiddlefrontal,8,654.9978344726562
sub-005_lh_volume_rostralmiddlefrontal,9,654.3779370117187
sub-005_lh_volume_rostralmiddlefrontal,10,654.6325537109375
sub-005_lh_volume_rostralmiddlefrontal,11,666.4242407226562
sub-005_lh_volume_rostralmiddlefrontal,12,664.9777612304688
sub-005_lh_volume_rostralmiddlefrontal,13,675.6300244140625
sub-005_lh_volume_rostralmiddlefrontal,14,677.52244140625
sub-005_lh_volume_rostralmiddlefrontal,15,683.6973413085938
sub-005_lh_volume_rostralmiddlefrontal,16,689.0097924804687
sub-005_lh_volume_rostralmiddlefrontal,17,684.5462133789063
sub-005_lh_volume_rostralmiddlefrontal,18,688.2963549804688
sub-005_lh_volume_rostralmiddlefrontal,19,701.2425903320312
sub-005_lh_volume_rostralmiddlefrontal,20,691.8131396484375
sub-005_lh_volume_rostralmiddlefrontal,21,694.0446459960938
sub-005_lh_volume_rostralmiddlefrontal,22,695.1347143554688
sub-005_lh_volume_rostralmiddlefrontal,23,691.2592724609375
sub-005_lh_volume_rostralmiddlefrontal,24,687.9377905273437
sub-005_lh_volume_rostralmiddlefrontal,25,689.5194091796875
sub-005_lh_volume_rostralmiddlefrontal,26,686.2930541992188
sub-005_lh_volume_rostralmiddlefrontal,27,687.2891943359375
sub-005_lh_volume_rostralmiddlefrontal,28,681.2670483398438
sub-005_lh_volume_rostralmiddlefrontal,29,686.6029956054688
sub-005_lh_volume_rostralmiddlefrontal,30,689.8061865234375
sub-005_lh_volume_rostralmiddlefrontal,31,684.2161010742187
sub-005_lh_volume_rostralmiddlefrontal,32,689.4074609375
sub-005_lh_volume_rostralmiddlefrontal,33,685.8562158203125
sub-005_lh_volume_rostralmiddlefrontal,34,689.8540649414062
sub-005_lh_volume_rostralmiddlefrontal,35,695.2010913085937
sub-005_lh_volume_rostralmiddlefrontal,36,694.3513623046875
sub-005_lh_volume_rostralmiddlefrontal,37,697.8740869140624
sub-005_lh_volume_rostralmiddlefrontal,38,697.887119140625
sub-005_lh_volume_rostralmiddlefrontal,39,689.4213110351562
sub-005_lh_volume_rostralmiddlefrontal,40,685.5024072265625
sub-005_lh_volume_rostralmiddlefrontal,41,685.4345263671875
sub-005_lh_volume_rostralmiddlefrontal,42,696.139248046875
sub-005_lh_volume_rostralmiddlefrontal,43,683.0515869140625
sub-005_lh_volume_rostralmiddlefrontal,44,685.045341796875
sub-005_lh_volume_superiorfrontal,0,729.1091454547385
sub-005_lh_volume_superiorfrontal,1,729.5808715820312
sub-005_lh_volume_superiorfrontal,2,734.5960733164911
sub-005_lh_volume_superiorfrontal,3,737.7494931428329
sub-005_lh_volume_superiorfrontal,4,749.6914712657099
sub-005_lh_volume_superiorfrontal,5,737.9041880731997
sub-005_lh_volume_superiorfrontal,6,726.8179586659307
sub-005_lh_volume_superiorfrontal,7,729.3261108398438
sub-005_lh_volume_superiorfrontal,8,720.9304252292799
sub-005_lh_volume_superiorfrontal,9,719.2650796641474
sub-005_lh_volume_superiorfrontal,10,730.4290479577106
sub-005_lh_volume_superiorfrontal,11,724.6337492569634
sub-005_lh_volume_superiorfrontal,12,731.3024862538214
sub-005_lh_volume_superiorfrontal,13,745.3661140773607
sub-005_lh_volume_superiorfrontal,14,748.0262610394021
sub-005_lh_volume_superiorfrontal,15,745.3854449728261
sub-005_lh_volume_superiorfrontal,16,754.3377526324729
sub-005_lh_volume_superiorfrontal,17,745.9152606466542
sub-005_lh_volume_superiorfrontal,18,758.7688386336616
sub-005_lh_volume_superiorfrontal,19,761.0416737432065
sub-005_lh_volume_superiorfrontal,20,759.0394990340523
sub-005_lh_volume_superiorfrontal,21,756.3965626592221
sub-005_lh_volume_superiorfrontal,22,764.4763581649116
sub-005_lh_volume_superiorfrontal,23,756.8806006390115
sub-005_lh_volume_superiorfrontal,24,754.4323438561481
sub-005_lh_volume_superiorfrontal,25,755.0260580311651
sub-005_lh_volume_superiorfrontal,26,750.8694723378057
sub-005_lh_volume_superiorfrontal,27,751.2105102539062
sub-005_lh_volume_superiorfrontal,28,747.1848303753396
sub-005_lh_volume_superiorfrontal,29,744.6504582944124
sub-005_lh_volume_superiorfrontal,30,755.1875942064369
sub-005_lh_volume_superiorfrontal,31,756.5444787066916
sub-005_lh_volume_superiorfrontal,32,751.4659198263417
sub-005_lh_volume_superiorfrontal,33,761.1425250509511
sub-005_lh_volume_superiorfrontal,34,754.702160379161
sub-005_lh_volume_superiorfrontal,35,764.8075415569803
sub-005_lh_volume_superiorfrontal,36,763.538342019786
sub-005_lh_volume_superiorfrontal,37,771.8322050675102
sub-005_lh_volume_superiorfrontal,38,777.262743079144
sub-005_lh_volume_superiorfrontal,39,758.1864823051121
sub-005_lh_volume_superiorfrontal,40,759.6874708092731
sub-005_lh_volume_superiorfrontal,41,758.1762655506964
sub-005_lh_volume_superiorfrontal,42,765.8381758980129
sub-005_lh_volume_superiorfrontal,43,758.5578785771909
sub-005_lh_volume_superiorfrontal,44,758.0662138565727
sub-007_rh_volume_superiorfrontal,0,892.9275220561232
sub-007_rh_volume_superiorfrontal,1,874.8100919805022
sub-007_rh_volume_superiorfrontal,2,864.8897804195045
sub-007_rh_volume_superiorfrontal,3,860.0115241678352
sub-007_rh_volume_superiorfrontal,4,856.1211850419004
sub-007_rh_volume_superiorfrontal,5,860.1888772035256
sub-007_rh_volume_superiorfrontal,6,852.6390839927217
sub-007_rh_volume_superiorfrontal,7,853.982169387687
sub-007_rh_volume_superiorfrontal,8,842.846682035006
sub-007_rh_volume_superiorfrontal,9,826.8653027135083
sub-007_rh_volume_superiorfrontal,10,826.9769258417634
sub-007_rh_volume_superiorfrontal,11,846.6956875792936
sub-007_rh_volume_superiorfrontal,12,860.7403720953525
sub-007_rh_volume_superiorfrontal,13,861.3354200053419
sub-007_rh_volume_superiorfrontal,14,860.1810036683694
sub-007_rh_volume_superiorfrontal,15,852.9097472622864
sub-007_rh_volume_superiorfrontal,16,857.8085379315238
sub-007_rh_volume_superiorfrontal,17,853.0744973207131
sub-007_rh_volume_superiorfrontal,18,838.6941549187032
sub-007_rh_volume_superiorfrontal,19,823.3581764677651
sub-007_rh_volume_superiorfrontal,20,835.9304999979133
sub-007_rh_volume_superiorfrontal,21,846.4899680634849
sub-007_rh_volume_superiorfrontal,22,854.2318762102698
sub-007_rh_volume_superiorfrontal,23,862.5863991761819
sub-007_rh_volume_superiorfrontal,24,851.453121348324
sub-007_rh_volume_superiorfrontal,25,841.3805912376469
sub-007_rh_volume_superiorfrontal,26,836.0648908044537
sub-007_rh_volume_superiorfrontal,27,843.7493536533453
sub-007_rh_volume_superiorfrontal,28,845.7681952582466
sub-007_rh_volume_superiorfrontal,29,847.0577256944445
sub-007_rh_volume_superiorfrontal,30,853.2777417826857
sub-007_rh_volume_superiorfrontal,31,846.2531219221588
sub-007_rh_volume_superiorfrontal,32,848.6463508279915
sub-007_rh_volume_superiorfrontal,33,826.9062891251002
sub-007_rh_volume_superiorfrontal,34,819.8065240322015
sub-007_rh_volume_superiorfrontal,35,830.4685442019731
sub-007_rh_volume_superiorfrontal,36,828.20213278746
sub-007_rh_volume_superiorfrontal,37,821.1479807796642
sub-007_rh_volume_superiorfrontal,38,818.8087752904647
sub-007_rh_volume_superiorfrontal,39,814.3740899501703
sub-007_rh_volume_superiorfrontal,40,813.0987940079127
sub-007_rh_volume_superiorfrontal,41,830.448492066473
sub-007_rh_volume_superiorfrontal,42,850.4022028996394
sub-007_rh_volume_superiorfrontal,43,862.4860052125067
sub-007_rh_volume_superiorfrontal,44,869.3578026926416
sub-007_lh_volume_rostralmiddlefrontal,0,968.5233154296876
sub-007_lh_volume_rostralmiddlefrontal,1,969.308135986328
sub-007_lh_volume_rostralmiddlefrontal,2,962.9933166503906
sub-007_lh_volume_rostralmiddlefrontal,3,971.410888671875
sub-007_lh_volume_rostralmiddlefrontal,4,970.4704284667968
sub-007_lh_volume_rostralmiddlefrontal,5,964.6539916992188
sub-007_lh_volume_rostralmiddlefrontal,6,976.3380737304688
sub-007_lh_volume_rostralmiddlefrontal,7,953.126708984375
sub-007_lh_volume_rostralmiddlefrontal,8,964.4295654296876
sub-007_lh_volume_rostralmiddlefrontal,9,944.7174987792968
sub-007_lh_volume_rostralmiddlefrontal,10,955.43701171875
sub-007_lh_volume_rostralmiddlefrontal,11,956.8700561523438
sub-007_lh_volume_rostralmiddlefrontal,12,945.0032348632812
sub-007_lh_volume_rostralmiddlefrontal,13,940.2050170898438
sub-007_lh_volume_rostralmiddlefrontal,14,912.1691589355468
sub-007_lh_volume_rostralmiddlefrontal,15,907.4884033203124
sub-007_lh_volume_rostralmiddlefrontal,16,951.863037109375
sub-007_lh_volume_rostralmiddlefrontal,17,914.8814086914062
sub-007_lh_volume_rostralmiddlefrontal,18,922.7845153808594
sub-007_lh_volume_rostralmiddlefrontal,19,903.965576171875
sub-007_lh_volume_rostralmiddlefrontal,20,911.915069580078
sub-007_lh_volume_rostralmiddlefrontal,21,924.5715026855468
sub-007_lh_volume_rostralmiddlefrontal,22,928.618621826172
sub-007_lh_volume_rostralmiddlefrontal,23,924.2195129394532
sub-007_lh_volume_rostralmiddlefrontal,24,919.4835815429688
sub-007_lh_volume_rostralmiddlefrontal,25,918.5907592773438
sub-007_lh_volume_rostralmiddlefrontal,26,924.297332763672
sub-007_lh_volume_rostralmiddlefrontal,27,920.9797973632812
sub-007_lh_volume_rostralmiddlefrontal,28,903.074951171875
sub-007_lh_volume_rostralmiddlefrontal,29,917.5794677734376
sub-007_lh_volume_rostralmiddlefrontal,30,913.7410278320312
sub-007_lh_volume_rostralmiddlefrontal,31,920.9757385253906
sub-007_lh_volume_rostralmiddlefrontal,32,919.1904296875
sub-007_lh_volume_rostralmiddlefrontal,33,917.2064819335938
sub-007_lh_volume_rostralmiddlefrontal,34,927.2147521972656
sub-007_lh_volume_rostralmiddlefrontal,35,929.5495300292968
sub-007_lh_volume_rostralmiddlefrontal,36,924.3680725097656
sub-007_lh_volume_rostralmiddlefrontal,37,895.9153442382812
sub-007_lh_volume_rostralmiddlefrontal,38,912.1632690429688
sub-007_lh_volume_rostralmiddlefrontal,39,896.8525085449219
sub-007_lh_volume_rostralmiddlefrontal,40,902.7951354980468
sub-007_lh_volume_rostralmiddlefrontal,41,917.1544799804688
sub-007_lh_volume_rostralmiddlefrontal,42,905.8185424804688
sub-007_lh_volume_rostralmiddlefrontal,43,910.8018798828124
sub-007_lh_volume_rostralmiddlefrontal,44,908.483856201172
sub-007_lh_volume_superiorfrontal,0,983.9995596749442
sub-007_lh_volume_superiorfrontal,1,981.385031563895
sub-007_lh_volume_superiorfrontal,2,981.0474330357144
sub-007_lh_volume_superiorfrontal,3,982.190920148577
sub-007_lh_volume_superiorfrontal,4,983.2588718959264
sub-007_lh_volume_superiorfrontal,5,974.5820813860212
sub-007_lh_volume_superiorfrontal,6,975.9135981968471
sub-007_lh_volume_superiorfrontal,7,975.9366084507534
sub-007_lh_volume_superiorfrontal,8,969.9718322753906
sub-007_lh_volume_superiorfrontal,9,969.1098175048828
sub-007_lh_volume_superiorfrontal,10,970.7525242396764
sub-007_lh_volume_superiorfrontal,11,976.7693219866072
sub-007_lh_volume_superiorfrontal,12,977.5880671909878
sub-007_lh_volume_superiorfrontal,13,982.8299952915736
sub-007_lh_volume_superiorfrontal,14,982.0489087785992
sub-007_lh_volume_superiorfrontal,15,977.0961587088448
sub-007_lh_volume_superiorfrontal,16,969.9426858084544
sub-007_lh_volume_superiorfrontal,17,973.4719761439732
sub-007_lh_volume_superiorfrontal,18,971.577634538923
sub-007_lh_volume_superiorfrontal,19,969.7885262625558
sub-007_lh_volume_superiorfrontal,20,975.2249494280134
sub-007_lh_volume_superiorfrontal,21,976.3368268694196
sub-007_lh_volume_superiorfrontal,22,970.7999049595423
sub-007_lh_volume_superiorfrontal,23,967.121568952288
sub-007_lh_volume_superiorfrontal,24,975.6575448172432
sub-007_lh_volume_superiorfrontal,25,978.7793208530971
sub-007_lh_volume_superiorfrontal,26,978.3505118233816
sub-007_lh_volume_superiorfrontal,27,982.8617270333426
sub-007_lh_volume_superiorfrontal,28,985.0777042933872
sub-007_lh_volume_superiorfrontal,29,986.2774353027344
sub-007_lh_volume_superiorfrontal,30,980.2048993791852
sub-007_lh_volume_superiorfrontal,31,980.7408403669084
sub-007_lh_volume_superiorfrontal,32,979.4554988316128
sub-007_lh_volume_superiorfrontal,33,972.7888924734932
sub-007_lh_volume_superiorfrontal,34,973.1326032366072
sub-007_lh_volume_superiorfrontal,35,974.2845720563616
sub-007_lh_volume_superiorfrontal,36,973.1814989362445
sub-007_lh_volume_superiorfrontal,37,973.0436662946428
sub-007_lh_volume_superiorfrontal,38,970.8609640938896
sub-007_lh_volume_superiorfrontal,39,974.872545514788
sub-007_lh_volume_superiorfrontal,40,976.0442875453404
sub-007_lh_volume_superiorfrontal,41,979.6110534667968
sub-007_lh_volume_superiorfrontal,42,982.2956412179128
sub-007_lh_volume_superiorfrontal,43,979.8015834263392
sub-007_lh_volume_superiorfrontal,44,976.7088971819196
sub-009_rh_volume_superiorfrontal,0,700.7284871419271
sub-009_rh_volume_superiorfrontal,1,703.1595102945963
sub-009_rh_volume_superiorfrontal,2,701.7886927286784
sub-009_rh_volume_superiorfrontal,3,707.5635396321615
sub-009_rh_volume_superiorfrontal,4,698.3514856974284
sub-009_rh_volume_superiorfrontal,5,698.8088958740234
sub-009_rh_volume_superiorfrontal,6,705.2325291951497
sub-009_rh_volume_superiorfrontal,7,704.7232955932617
sub-009_rh_volume_superiorfrontal,8,705.7149871826172
sub-009_rh_volume_superiorfrontal,9,705.6169606526693
sub-009_rh_volume_superiorfrontal,10,704.9860855102539
sub-009_rh_volume_superiorfrontal,11,702.5470784505209
sub-009_rh_volume_superiorfrontal,12,705.8675776163738
sub-009_rh_volume_superiorfrontal,13,705.4147771199545
sub-009_rh_volume_superiorfrontal,14,704.8721252441406
sub-009_rh_volume_superiorfrontal,15,708.6388687133789
sub-009_rh_volume_superiorfrontal,16,710.4515350341796
sub-009_rh_volume_superiorfrontal,17,702.8185938517253
sub-009_rh_volume_superiorfrontal,18,707.5274561564128
sub-009_rh_volume_superiorfrontal,19,707.6493092854818
sub-009_rh_volume_superiorfrontal,20,707.2271901448568
sub-009_rh_volume_superiorfrontal,21,705.9875935872395
sub-009_rh_volume_superiorfrontal,22,707.9040766398113
sub-009_rh_volume_superiorfrontal,23,709.8365763346354
sub-009_rh_volume_superiorfrontal,24,701.8152089436849
sub-009_rh_volume_superiorfrontal,25,702.302377319336
sub-009_rh_volume_superiorfrontal,26,704.1616694132487
sub-009_rh_volume_superiorfrontal,27,704.840559387207
sub-009_rh_volume_superiorfrontal,28,703.5405364990235
sub-009_rh_volume_superiorfrontal,29,705.2878229777018
sub-009_rh_volume_superiorfrontal,30,707.4788080851237
sub-009_rh_volume_superiorfrontal,31,699.9830998738606
sub-009_rh_volume_superiorfrontal,32,708.7890223185221
sub-009_rh_volume_superiorfrontal,33,704.1044021606446
sub-009_rh_volume_superiorfrontal,34,706.2806259155274
sub-009_rh_volume_superiorfrontal,35,706.8992299397786
sub-009_rh_volume_superiorfrontal,36,704.7893890380859
sub-009_rh_volume_superiorfrontal,37,705.0725479125977
sub-009_rh_volume_superiorfrontal,38,709.5639048258464
sub-009_rh_volume_superiorfrontal,39,709.7868296305338
sub-009_rh_volume_superiorfrontal,40,698.8323598225911
sub-009_rh_volume_superiorfrontal,41,704.3461675008137
sub-009_rh_volume_superiorfrontal,42,706.989225769043
sub-009_rh_volume_superiorfrontal,43,712.0822194417318
sub-009_rh_volume_superiorfrontal,44,704.5805241902669
sub-009_lh_volume_rostralmiddlefrontal,0,607.9439962418353
sub-009_lh_volume_rostralmiddlefrontal,1,591.8731454317686
sub-009_lh_volume_rostralmiddlefrontal,2,591.7472279032722
sub-009_lh_volume_rostralmiddlefrontal,3,583.5831518954918
sub-009_lh_volume_rostralmiddlefrontal,4,594.204864001665
sub-009_lh_volume_rostralmiddlefrontal,5,591.3182092885502
sub-009_lh_volume_rostralmiddlefrontal,6,582.2534064621221
sub-009_lh_volume_rostralmiddlefrontal,7,590.8479128978291
sub-009_lh_volume_rostralmiddlefrontal,8,589.6068405401511
sub-009_lh_volume_rostralmiddlefrontal,9,583.4256616811283
sub-009_lh_volume_rostralmiddlefrontal,10,588.4187617067431
sub-009_lh_volume_rostralmiddlefrontal,11,590.3820790775487
sub-009_lh_volume_rostralmiddlefrontal,12,581.9153392353996
sub-009_lh_volume_rostralmiddlefrontal,13,582.0349291191726
sub-009_lh_volume_rostralmiddlefrontal,14,588.1367642762231
sub-009_lh_volume_rostralmiddlefrontal,15,582.3347808337602
sub-009_lh_volume_rostralmiddlefrontal,16,584.8886373551165
sub-009_lh_volume_rostralmiddlefrontal,17,586.5418706174756
sub-009_lh_volume_rostralmiddlefrontal,18,582.0849529328893
sub-009_lh_volume_rostralmiddlefrontal,19,583.4615258388832
sub-009_lh_volume_rostralmiddlefrontal,20,593.8470879226435
sub-009_lh_volume_rostralmiddlefrontal,21,579.8207452492636
sub-009_lh_volume_rostralmiddlefrontal,22,587.2624111488217
sub-009_lh_volume_rostralmiddlefrontal,23,593.7030719694544
sub-009_lh_volume_rostralmiddlefrontal,24,586.0862661893251
sub-009_lh_volume_rostralmiddlefrontal,25,593.9793385990331
sub-009_lh_volume_rostralmiddlefrontal,26,580.4841363625449
sub-009_lh_volume_rostralmiddlefrontal,27,580.7368794425589
sub-009_lh_volume_rostralmiddlefrontal,28,582.7001497862769
sub-009_lh_volume_rostralmiddlefrontal,29,572.8264425308978
sub-009_lh_volume_rostralmiddlefrontal,30,576.3240731661436
sub-009_lh_volume_rostralmiddlefrontal,31,592.7457270387744
sub-009_lh_volume_rostralmiddlefrontal,32,583.957392958344
sub-009_lh_volume_rostralmiddlefrontal,33,577.9216828893443
sub-009_lh_volume_rostralmiddlefrontal,34,587.9255991451075
sub-009_lh_volume_rostralmiddlefrontal,35,587.8479744332735
sub-009_lh_volume_rostralmiddlefrontal,36,580.4036690133516
sub-009_lh_volume_rostralmiddlefrontal,37,581.4351811643506
sub-009_lh_volume_rostralmiddlefrontal,38,579.0917528496414
sub-009_lh_volume_rostralmiddlefrontal,39,591.1191071056929
sub-009_lh_volume_rostralmiddlefrontal,40,587.3245769563268
sub-009_lh_volume_rostralmiddlefrontal,41,571.3915085089011
sub-009_lh_volume_rostralmiddlefrontal,42,582.5409996157787
sub-009_lh_volume_rostralmiddlefrontal,43,589.4373319031762
sub-009_lh_volume_rostralmiddlefrontal,44,579.3416948162142
sub-009_lh_volume_superiorfrontal,0,688.0327853498787
sub-009_lh_volume_superiorfrontal,1,676.4133153455011
sub-009_lh_volume_superiorfrontal,2,672.655201879041
sub-009_lh_volume_superiorfrontal,3,675.3308600063982
sub-009_lh_volume_superiorfrontal,4,674.0476332039668
sub-009_lh_volume_superiorfrontal,5,674.2756279254781
sub-009_lh_volume_superiorfrontal,6,668.4839656435211
sub-009_lh_volume_superiorfrontal,7,671.9781846671269
sub-009_lh_volume_superiorfrontal,8,673.2884190000336
sub-009_lh_volume_superiorfrontal,9,670.7851762442754
sub-009_lh_volume_superiorfrontal,10,670.0131299249057
sub-009_lh_volume_superiorfrontal,11,671.346903044602
sub-009_lh_volume_superiorfrontal,12,670.5319650584254
sub-009_lh_volume_superiorfrontal,13,670.197030692265
sub-009_lh_volume_superiorfrontal,14,674.5657464389143
sub-009_lh_volume_superiorfrontal,15,671.8072054632779
sub-009_lh_volume_superiorfrontal,16,671.3627253565295
sub-009_lh_volume_superiorfrontal,17,673.0475069243332
sub-009_lh_volume_superiorfrontal,18,670.2413040687298
sub-009_lh_volume_superiorfrontal,19,671.7657383885877
sub-009_lh_volume_superiorfrontal,20,673.8303417337352
sub-009_lh_volume_superiorfrontal,21,672.4110094267746
sub-009_lh_volume_superiorfrontal,22,672.7603688733332
sub-009_lh_volume_superiorfrontal,23,674.409049987793
sub-009_lh_volume_superiorfrontal,24,670.5925671807651
sub-009_lh_volume_superiorfrontal,25,670.5002509807719
sub-009_lh_volume_superiorfrontal,26,668.1891987241547
sub-009_lh_volume_superiorfrontal,27,670.2631454467773
sub-009_lh_volume_superiorfrontal,28,671.680374671673
sub-009_lh_volume_superiorfrontal,29,669.7070599260002
sub-009_lh_volume_superiorfrontal,30,671.0007818813982
sub-009_lh_volume_superiorfrontal,31,676.7781714077654
sub-009_lh_volume_superiorfrontal,32,675.2021868475553
sub-009_lh_volume_superiorfrontal,33,670.3623402036469
sub-009_lh_volume_superiorfrontal,34,674.4937365301724
sub-009_lh_volume_superiorfrontal,35,673.5340078945818
sub-009_lh_volume_superiorfrontal,36,669.720143285291
sub-009_lh_volume_superiorfrontal,37,670.3617369553139
sub-009_lh_volume_superiorfrontal,38,671.4416527583681
sub-009_lh_volume_superiorfrontal,39,672.4689962452856
sub-009_lh_volume_superiorfrontal,40,668.704529334759
sub-009_lh_volume_superiorfrontal,41,668.5367260636955
sub-009_lh_volume_superiorfrontal,42,670.6878449012494
sub-009_lh_volume_superiorfrontal,43,673.7942018180058
sub-009_lh_volume_superiorfrontal,44,669.1101121573613
sub-010_rh_volume_superiorfrontal,0,711.1963790299056
sub-010_rh_volume_superiorfrontal,1,702.3832282524604
sub-010_rh_volume_superiorfrontal,2,716.5483691723316
sub-010_rh_volume_superiorfrontal,3,691.4765561586851
sub-010_rh_volume_superiorfrontal,4,697.4910516119622
sub-010_rh_volume_superiorfrontal,5,687.7703805898691
sub-010_rh_volume_superiorfrontal,6,692.5216345848975
sub-010_rh_volume_superiorfrontal,7,699.7981258243709
sub-010_rh_volume_superiorfrontal,8,699.3166713962307
sub-010_rh_volume_superiorfrontal,9,714.4259512765067
sub-010_rh_volume_superiorfrontal,10,687.671228978541
sub-010_rh_volume_superiorfrontal,11,700.1148106958959
sub-010_rh_volume_superiorfrontal,12,705.8161450670912
sub-010_rh_volume_superiorfrontal,13,698.7775823419744
sub-010_rh_volume_superiorfrontal,14,701.8681478128805
sub-010_rh_volume_superiorfrontal,15,683.2673538009842
sub-010_rh_volume_superiorfrontal,16,715.3247886756798
sub-010_rh_volume_superiorfrontal,17,686.240344555347
sub-010_rh_volume_superiorfrontal,18,701.6053482650162
sub-010_rh_volume_superiorfrontal,19,705.7390322994876
sub-010_rh_volume_superiorfrontal,20,687.814904547357
sub-010_rh_volume_superiorfrontal,21,690.9805539614194
sub-010_rh_volume_superiorfrontal,22,699.8491734095982
sub-010_rh_volume_superiorfrontal,23,673.9380540723924
sub-010_rh_volume_superiorfrontal,24,697.1050141569856
sub-010_rh_volume_superiorfrontal,25,677.4499345259233
sub-010_rh_volume_superiorfrontal,26,685.1980424360795
sub-010_rh_volume_superiorfrontal,27,695.9614741337764
sub-010_rh_volume_superiorfrontal,28,728.2191962700385
sub-010_rh_volume_superiorfrontal,29,692.372859013545
sub-010_rh_volume_superiorfrontal,30,687.0212338930601
sub-010_rh_volume_superiorfrontal,31,723.5366206974178
sub-010_rh_volume_superiorfrontal,32,679.6936142165939
sub-010_rh_volume_superiorfrontal,33,728.5705621892756
sub-010_rh_volume_superiorfrontal,34,674.0334777832031
sub-010_rh_volume_superiorfrontal,35,732.7791855056564
sub-010_rh_volume_superiorfrontal,36,702.416015625
sub-010_rh_volume_superiorfrontal,37,710.3391561136617
sub-010_rh_volume_superiorfrontal,38,693.56478168438
sub-010_rh_volume_superiorfrontal,39,678.037478756595
sub-010_rh_volume_superiorfrontal,40,708.4431544712612
sub-010_rh_volume_superiorfrontal,41,676.0831726866883
sub-010_rh_volume_superiorfrontal,42,724.8065902908127
sub-010_rh_volume_superiorfrontal,43,672.5101334212662
sub-010_rh_volume_superiorfrontal,44,728.0099915343445
sub-010_lh_volume_rostralmiddlefrontal,0,677.210971239931
sub-010_lh_volume_rostralmiddlefrontal,1,677.8142461362092
sub-010_lh_volume_rostralmiddlefrontal,2,670.2500155431143
sub-010_lh_volume_rostralmiddlefrontal,3,676.0946279964091
sub-010_lh_volume_rostralmiddlefrontal,4,672.2596833602241
sub-010_lh_volume_rostralmiddlefrontal,5,675.9570339037025
sub-010_lh_volume_rostralmiddlefrontal,6,669.5625125103115
sub-010_lh_volume_rostralmiddlefrontal,7,668.8713943765771
sub-010_lh_volume_rostralmiddlefrontal,8,676.8173627201814
sub-010_lh_volume_rostralmiddlefrontal,9,672.4271956734035
sub-010_lh_volume_rostralmiddlefrontal,10,674.6464017311239
sub-010_lh_volume_rostralmiddlefrontal,11,669.6137816624612
sub-010_lh_volume_rostralmiddlefrontal,12,674.5352013629416
sub-010_lh_volume_rostralmiddlefrontal,13,674.3395969556725
sub-010_lh_volume_rostralmiddlefrontal,14,665.7138592263926
sub-010_lh_volume_rostralmiddlefrontal,15,671.2312273297991
sub-010_lh_volume_rostralmiddlefrontal,16,664.698652374078
sub-010_lh_volume_rostralmiddlefrontal,17,672.7696241295856
sub-010_lh_volume_rostralmiddlefrontal,18,669.2182863602727
sub-010_lh_volume_rostralmiddlefrontal,19,666.4233337781444
sub-010_lh_volume_rostralmiddlefrontal,20,670.2881151282269
sub-010_lh_volume_rostralmiddlefrontal,21,669.9218632478892
sub-010_lh_volume_rostralmiddlefrontal,22,668.3786666585792
sub-010_lh_volume_rostralmiddlefrontal,23,668.326557040955
sub-010_lh_volume_rostralmiddlefrontal,24,662.8921762786297
sub-010_lh_volume_rostralmiddlefrontal,25,667.9387210822254
sub-010_lh_volume_rostralmiddlefrontal,26,666.4527894961908
sub-010_lh_volume_rostralmiddlefrontal,27,665.6849581321574
sub-010_lh_volume_rostralmiddlefrontal,28,670.5077700407609
sub-010_lh_volume_rostralmiddlefrontal,29,663.5263338266692
sub-010_lh_volume_rostralmiddlefrontal,30,670.9306026482434
sub-010_lh_volume_rostralmiddlefrontal,31,665.8894478934152
sub-010_lh_volume_rostralmiddlefrontal,32,672.4284508746604
sub-010_lh_volume_rostralmiddlefrontal,33,666.7575592609666
sub-010_lh_volume_rostralmiddlefrontal,34,668.2199161126747
sub-010_lh_volume_rostralmiddlefrontal,35,667.0712898207007
sub-010_lh_volume_rostralmiddlefrontal,36,666.630488235758
sub-010_lh_volume_rostralmiddlefrontal,37,670.1249670182696
sub-010_lh_volume_rostralmiddlefrontal,38,667.9375708917653
sub-010_lh_volume_rostralmiddlefrontal,39,664.3146775524068
sub-010_lh_volume_rostralmiddlefrontal,40,664.7279048943371
sub-010_lh_volume_rostralmiddlefrontal,41,670.7107176217974
sub-010_lh_volume_rostralmiddlefrontal,42,664.9254085943566
sub-010_lh_volume_rostralmiddlefrontal,43,663.017949264242
sub-010_lh_volume_rostralmiddlefrontal,44,666.2211231681871
sub-010_lh_volume_superiorfrontal,0,720.7371873364007
sub-010_lh_volume_superiorfrontal,1,708.7227505374578
sub-010_lh_volume_superiorfrontal,2,718.814935936803
sub-010_lh_volume_superiorfrontal,3,699.5780711525683
sub-010_lh_volume_superiorfrontal,4,703.3732751397081
sub-010_lh_volume_superiorfrontal,5,701.8019499933786
sub-010_lh_volume_superiorfrontal,6,701.6411306818358
sub-010_lh_volume_superiorfrontal,7,706.3360963075716
sub-010_lh_volume_superiorfrontal,8,707.2407335467418
sub-010_lh_volume_superiorfrontal,9,715.4524535164769
sub-010_lh_volume_superiorfrontal,10,708.9348758754987
sub-010_lh_volume_superiorfrontal,11,704.8415156340997
sub-010_lh_volume_superiorfrontal,12,716.7681687768729
sub-010_lh_volume_superiorfrontal,13,703.6143437263797
sub-010_lh_volume_superiorfrontal,14,708.2374525319764
sub-010_lh_volume_superiorfrontal,15,698.5837382982876
sub-010_lh_volume_superiorfrontal,16,695.8590604099936
sub-010_lh_volume_superiorfrontal,17,699.3330394433284
sub-010_lh_volume_superiorfrontal,18,698.0637098126332
sub-010_lh_volume_superiorfrontal,19,706.4043636942174
sub-010_lh_volume_superiorfrontal,20,702.3186860655528
sub-010_lh_volume_superiorfrontal,21,706.0997959896272
sub-010_lh_volume_superiorfrontal,22,698.6145252103753
sub-010_lh_volume_superiorfrontal,23,693.4043335880579
sub-010_lh_volume_superiorfrontal,24,697.725934288031
sub-010_lh_volume_superiorfrontal,25,687.5830659677262
sub-010_lh_volume_superiorfrontal,26,688.4266209311187
sub-010_lh_volume_superiorfrontal,27,707.2978994564628
sub-010_lh_volume_superiorfrontal,28,701.9893672014398
sub-010_lh_volume_superiorfrontal,29,697.7392991237656
sub-010_lh_volume_superiorfrontal,30,690.1980322914214
sub-010_lh_volume_superiorfrontal,31,704.7582245478075
sub-010_lh_volume_superiorfrontal,32,695.5832259853523
sub-010_lh_volume_superiorfrontal,33,700.1087839609096
sub-010_lh_volume_superiorfrontal,34,702.0887018698345
sub-010_lh_volume_superiorfrontal,35,707.831030438005
sub-010_lh_volume_superiorfrontal,36,710.312645908389
sub-010_lh_volume_superiorfrontal,37,696.698031129769
sub-010_lh_volume_superiorfrontal,38,702.942774168373
sub-010_lh_volume_superiorfrontal,39,696.5364655049239
sub-010_lh_volume_superiorfrontal,40,702.2268575839255
sub-010_lh_volume_superiorfrontal,41,688.5306934716681
sub-010_lh_volume_superiorfrontal,42,697.5112145202298
sub-010_lh_volume_superiorfrontal,43,696.8714477635867
sub-010_lh_volume_superiorfrontal,44,699.6488815174512
sub-012_rh_volume_superiorfrontal,0,749.7075574720228
sub-012_rh_volume_superiorfrontal,1,727.6545756572002
sub-012_rh_volume_superiorfrontal,2,718.7707684491131
sub-012_rh_volume_superiorfrontal,3,736.8734056627428
sub-012_rh_volume_superiorfrontal,4,760.55923544394
sub-012_rh_volume_superiorfrontal,5,794.7213035789696
sub-012_rh_volume_superiorfrontal,6,783.3678976522909
sub-012_rh_volume_superiorfrontal,7,790.5123884871199
sub-012_rh_volume_superiorfrontal,8,785.1604449297931
sub-012_rh_volume_superiorfrontal,9,796.772352063978
sub-012_rh_volume_superiorfrontal,10,803.5164613466005
sub-012_rh_volume_superiorfrontal,11,803.610121443465
sub-012_rh_volume_superiorfrontal,12,799.7604056693413
sub-012_rh_volume_superiorfrontal,13,827.4550410090266
sub-012_rh_volume_superiorfrontal,14,827.525507746516
sub-012_rh_volume_superiorfrontal,15,806.966181574641
sub-012_rh_volume_superiorfrontal,16,781.0400448360958
sub-012_rh_volume_superiorfrontal,17,773.2623010583826
sub-012_rh_volume_superiorfrontal,18,796.2575518633869
sub-012_rh_volume_superiorfrontal,19,801.2155134871199
sub-012_rh_volume_superiorfrontal,20,812.4980914141681
sub-012_rh_volume_superiorfrontal,21,829.0648943926838
sub-012_rh_volume_superiorfrontal,22,823.2632050385346
sub-012_rh_volume_superiorfrontal,23,820.9976287016998
sub-012_rh_volume_superiorfrontal,24,814.6692422402872
sub-012_rh_volume_superiorfrontal,25,813.2642904745566
sub-012_rh_volume_superiorfrontal,26,816.7317694586676
sub-012_rh_volume_superiorfrontal,27,812.2927782213366
sub-012_rh_volume_superiorfrontal,28,821.3451158678209
sub-012_rh_volume_superiorfrontal,29,842.6285581846495
sub-012_rh_volume_superiorfrontal,30,812.8292417783995
sub-012_rh_volume_superiorfrontal,31,794.3092106999578
sub-012_rh_volume_superiorfrontal,32,802.3276400179476
sub-012_rh_volume_superiorfrontal,33,780.4221702781883
sub-012_rh_volume_superiorfrontal,34,785.5113962534311
sub-012_rh_volume_superiorfrontal,35,793.0870831463787
sub-012_rh_volume_superiorfrontal,36,813.7238109691723
sub-012_rh_volume_superiorfrontal,37,828.2623620935389
sub-012_rh_volume_superiorfrontal,38,803.8543346508129
sub-012_rh_volume_superiorfrontal,39,778.6058250633446
sub-012_rh_volume_superiorfrontal,40,792.0465772474134
sub-012_rh_volume_superiorfrontal,41,812.6465355125633
sub-012_rh_volume_superiorfrontal,42,801.6861283585832
sub-012_rh_volume_superiorfrontal,43,793.4145722260346
sub-012_rh_volume_superiorfrontal,44,804.0491250527872
sub-012_lh_volume_rostralmiddlefrontal,0,767.9262088224849
sub-012_lh_volume_rostralmiddlefrontal,1,756.9040592621992
sub-012_lh_volume_rostralmiddlefrontal,2,753.7806262663979
sub-012_lh_volume_rostralmiddlefrontal,3,757.1235566980698
sub-012_lh_volume_rostralmiddlefrontal,4,754.0426355045747
sub-012_lh_volume_rostralmiddlefrontal,5,773.2820705475017
sub-012_lh_volume_rostralmiddlefrontal,6,769.4857047177891
sub-012_lh_volume_rostralmiddlefrontal,7,766.9978889016544
sub-012_lh_volume_rostralmiddlefrontal,8,759.9426001890458
sub-012_lh_volume_rostralmiddlefrontal,9,764.8111464556525
sub-012_lh_volume_rostralmiddlefrontal,10,759.8806596235795
sub-012_lh_volume_rostralmiddlefrontal,11,765.0731328464447
sub-012_lh_volume_rostralmiddlefrontal,12,758.9138405539773
sub-012_lh_volume_rostralmiddlefrontal,13,760.5745356758648
sub-012_lh_volume_rostralmiddlefrontal,14,788.2440391173337
sub-012_lh_volume_rostralmiddlefrontal,15,764.4946638301094
sub-012_lh_volume_rostralmiddlefrontal,16,766.3691869725518
sub-012_lh_volume_rostralmiddlefrontal,17,753.551084467434
sub-012_lh_volume_rostralmiddlefrontal,18,753.4449671780999
sub-012_lh_volume_rostralmiddlefrontal,19,753.9252567393257
sub-012_lh_volume_rostralmiddlefrontal,20,755.5806630180481
sub-012_lh_volume_rostralmiddlefrontal,21,762.7592150030289
sub-012_lh_volume_rostralmiddlefrontal,22,758.7648987795579
sub-012_lh_volume_rostralmiddlefrontal,23,762.4020849217706
sub-012_lh_volume_rostralmiddlefrontal,24,764.5306993780289
sub-012_lh_volume_rostralmiddlefrontal,25,760.4871953464447
sub-012_lh_volume_rostralmiddlefrontal,26,764.4367780226437
sub-012_lh_volume_rostralmiddlefrontal,27,761.9084133209392
sub-012_lh_volume_rostralmiddlefrontal,28,744.9504600157712
sub-012_lh_volume_rostralmiddlefrontal,29,774.0625580976354
sub-012_lh_volume_rostralmiddlefrontal,30,771.2372651941636
sub-012_lh_volume_rostralmiddlefrontal,31,759.6808501054896
sub-012_lh_volume_rostralmiddlefrontal,32,759.3232953892672
sub-012_lh_volume_rostralmiddlefrontal,33,754.4304395053476
sub-012_lh_volume_rostralmiddlefrontal,34,754.0220307538854
sub-012_lh_volume_rostralmiddlefrontal,35,755.781145881204
sub-012_lh_volume_rostralmiddlefrontal,36,749.221105891753
sub-012_lh_volume_rostralmiddlefrontal,37,773.0371736740683
sub-012_lh_volume_rostralmiddlefrontal,38,758.8984361944351
sub-012_lh_volume_rostralmiddlefrontal,39,757.9316500903451
sub-012_lh_volume_rostralmiddlefrontal,40,752.8502856575869
sub-012_lh_volume_rostralmiddlefrontal,41,764.2568336527615
sub-012_lh_volume_rostralmiddlefrontal,42,755.4000834908715
sub-012_lh_volume_rostralmiddlefrontal,43,756.9941047219669
sub-012_lh_volume_rostralmiddlefrontal,44,758.868437904725
sub-012_lh_volume_superiorfrontal,0,798.9756984803735
sub-012_lh_volume_superiorfrontal,1,777.0067303913396
sub-012_lh_volume_superiorfrontal,2,776.2671647234661
sub-012_lh_volume_superiorfrontal,3,774.5727174340225
sub-012_lh_volume_superiorfrontal,4,796.1119395186262
sub-012_lh_volume_superiorfrontal,5,817.33210478992
sub-012_lh_volume_superiorfrontal,6,812.4363311023247
sub-012_lh_volume_superiorfrontal,7,812.829052734375
sub-012_lh_volume_superiorfrontal,8,813.6419999285442
sub-012_lh_volume_superiorfrontal,9,806.0346411728277
sub-012_lh_volume_superiorfrontal,10,812.8714906273818
sub-012_lh_volume_superiorfrontal,11,817.0418084865663
sub-012_lh_volume_superiorfrontal,12,812.8723558379382
sub-012_lh_volume_superiorfrontal,13,826.6121186047066
sub-012_lh_volume_superiorfrontal,14,843.8892238709984
sub-012_lh_volume_superiorfrontal,15,818.8593345083841
sub-012_lh_volume_superiorfrontal,16,807.7561556188072
sub-012_lh_volume_superiorfrontal,17,797.8486864043446
sub-012_lh_volume_superiorfrontal,18,792.9892131526295
sub-012_lh_volume_superiorfrontal,19,799.6974575135766
sub-012_lh_volume_superiorfrontal,20,811.1587378525153
sub-012_lh_volume_superiorfrontal,21,817.5915962033156
sub-012_lh_volume_superiorfrontal,22,813.5054136694931
sub-012_lh_volume_superiorfrontal,23,823.7583886123285
sub-012_lh_volume_superiorfrontal,24,823.7093172399009
sub-012_lh_volume_superiorfrontal,25,825.6403177400915
sub-012_lh_volume_superiorfrontal,26,828.6591189500762
sub-012_lh_volume_superiorfrontal,27,815.5676070050496
sub-012_lh_volume_superiorfrontal,28,823.3076046827363
sub-012_lh_volume_superiorfrontal,29,856.641254704173
sub-012_lh_volume_superiorfrontal,30,830.4794549709413
sub-012_lh_volume_superiorfrontal,31,809.0113802281821
sub-012_lh_volume_superiorfrontal,32,801.2051623832889
sub-012_lh_volume_superiorfrontal,33,795.1947727110328
sub-012_lh_volume_superiorfrontal,34,798.8654911692549
sub-012_lh_volume_superiorfrontal,35,806.0209216606327
sub-012_lh_volume_superiorfrontal,36,816.9814063095465
sub-012_lh_volume_superiorfrontal,37,834.6139657369474
sub-012_lh_volume_superiorfrontal,38,817.5818076529154
sub-012_lh_volume_superiorfrontal,39,803.702615133146
sub-012_lh_volume_superiorfrontal,40,797.0677610816025
sub-012_lh_volume_superiorfrontal,41,815.3264094655107
sub-012_lh_volume_superiorfrontal,42,803.445102003144
sub-012_lh_volume_superiorfrontal,43,803.2451115305831
sub-012_lh_volume_superiorfrontal,44,803.0831959794207
sub-014_rh_volume_superiorfrontal,0,918.6315473768448
sub-014_rh_volume_superiorfrontal,1,918.5858605278864
sub-014_rh_volume_superiorfrontal,2,918.4875881618924
sub-014_rh_volume_superiorfrontal,3,918.846735297309
sub-014_rh_volume_superiorfrontal,4,917.7029456244576
sub-014_rh_volume_superiorfrontal,5,914.3780310736762
sub-014_rh_volume_superiorfrontal,6,914.1900227864584
sub-014_rh_volume_superiorfrontal,7,912.7035959879556
sub-014_rh_volume_superiorfrontal,8,914.98283589681
sub-014_rh_volume_superiorfrontal,9,917.5899990505642
sub-014_rh_volume_superiorfrontal,10,918.1073048909506
sub-014_rh_volume_superiorfrontal,11,915.2490003797744
sub-014_rh_volume_superiorfrontal,12,916.5177822536892
sub-014_rh_volume_superiorfrontal,13,917.4516855875652
sub-014_rh_volume_superiorfrontal,14,920.460883585612
sub-014_rh_volume_superiorfrontal,15,920.6172831217448
sub-014_rh_volume_superiorfrontal,16,919.6077616373698
sub-014_rh_volume_superiorfrontal,17,918.9120513916016
sub-014_rh_volume_superiorfrontal,18,919.7815856933594
sub-014_rh_volume_superiorfrontal,19,920.3454396565756
sub-014_rh_volume_superiorfrontal,20,921.0886101616752
sub-014_rh_volume_superiorfrontal,21,917.7625745985245
sub-014_rh_volume_superiorfrontal,22,916.2172797309028
sub-014_rh_volume_superiorfrontal,23,917.862164984809
sub-014_rh_volume_superiorfrontal,24,919.41462504069
sub-014_rh_volume_superiorfrontal,25,919.9698082817926
sub-014_rh_volume_superiorfrontal,26,917.2211195203992
sub-014_rh_volume_superiorfrontal,27,918.1965386284722
sub-014_rh_volume_superiorfrontal,28,917.4234449598524
sub-014_rh_volume_superiorfrontal,29,916.3500766330296
sub-014_rh_volume_superiorfrontal,30,916.3830437554252
sub-014_rh_volume_superiorfrontal,31,914.3777584499784
sub-014_rh_volume_superiorfrontal,32,915.0465104844836
sub-014_rh_volume_superiorfrontal,33,917.2930185953776
sub-014_rh_volume_superiorfrontal,34,918.6374020046658
sub-014_rh_volume_superiorfrontal,35,917.4384728325738
sub-014_rh_volume_superiorfrontal,36,918.000153266059
sub-014_rh_volume_superiorfrontal,37,918.4904354519314
sub-014_rh_volume_superiorfrontal,38,918.4238942464192
sub-014_rh_volume_superiorfrontal,39,916.4595102945964
sub-014_rh_volume_superiorfrontal,40,921.7513692220052
sub-014_rh_volume_superiorfrontal,41,917.067084757487
sub-014_rh_volume_superiorfrontal,42,913.9695526123048
sub-014_rh_volume_superiorfrontal,43,914.3938585069444
sub-014_rh_volume_superiorfrontal,44,916.5101925320096
sub-014_lh_volume_rostralmiddlefrontal,0,918.0135842230088
sub-014_lh_volume_rostralmiddlefrontal,1,913.7012062933212
sub-014_lh_volume_rostralmiddlefrontal,2,920.5690789473684
sub-014_lh_volume_rostralmiddlefrontal,3,915.160725299577
sub-014_lh_volume_rostralmiddlefrontal,4,914.3510145603266
sub-014_lh_volume_rostralmiddlefrontal,5,917.9685724014628
sub-014_lh_volume_rostralmiddlefrontal,6,919.0189924885456
sub-014_lh_volume_rostralmiddlefrontal,7,913.9705691230027
sub-014_lh_volume_rostralmiddlefrontal,8,916.0184771315496
sub-014_lh_volume_rostralmiddlefrontal,9,916.64179981203
sub-014_lh_volume_rostralmiddlefrontal,10,916.7104914385574
sub-014_lh_volume_rostralmiddlefrontal,11,914.38217920289
sub-014_lh_volume_rostralmiddlefrontal,12,916.4184533599624
sub-014_lh_volume_rostralmiddlefrontal,13,915.9494408628996
sub-014_lh_volume_rostralmiddlefrontal,14,915.9200673497708
sub-014_lh_volume_rostralmiddlefrontal,15,916.7782253179336
sub-014_lh_volume_rostralmiddlefrontal,16,915.4009023107084
sub-014_lh_volume_rostralmiddlefrontal,17,914.1148149303924
sub-014_lh_volume_rostralmiddlefrontal,18,911.9078387497065
sub-014_lh_volume_rostralmiddlefrontal,19,917.241445899906
sub-014_lh_volume_rostralmiddlefrontal,20,916.0526279076598
sub-014_lh_volume_rostralmiddlefrontal,21,912.8985526866484
sub-014_lh_volume_rostralmiddlefrontal,22,914.227313278313
sub-014_lh_volume_rostralmiddlefrontal,23,914.4326997914708
sub-014_lh_volume_rostralmiddlefrontal,24,916.1602709777374
sub-014_lh_volume_rostralmiddlefrontal,25,915.1116296294936
sub-014_lh_volume_rostralmiddlefrontal,26,912.788473717252
sub-014_lh_volume_rostralmiddlefrontal,27,912.8207879317434
sub-014_lh_volume_rostralmiddlefrontal,28,911.9794540978912
sub-014_lh_volume_rostralmiddlefrontal,29,913.9837898885396
sub-014_lh_volume_rostralmiddlefrontal,30,914.8462584072486
sub-014_lh_volume_rostralmiddlefrontal,31,911.1504626740192
sub-014_lh_volume_rostralmiddlefrontal,32,912.4066451223272
sub-014_lh_volume_rostralmiddlefrontal,33,912.9266380367422
sub-014_lh_volume_rostralmiddlefrontal,34,913.4079892724976
sub-014_lh_volume_rostralmiddlefrontal,35,910.6373139575012
sub-014_lh_volume_rostralmiddlefrontal,36,912.0983992268268
sub-014_lh_volume_rostralmiddlefrontal,37,917.3205295648788
sub-014_lh_volume_rostralmiddlefrontal,38,914.8819814122708
sub-014_lh_volume_rostralmiddlefrontal,39,916.0161885426456
sub-014_lh_volume_rostralmiddlefrontal,40,915.250417608964
sub-014_lh_volume_rostralmiddlefrontal,41,913.855558696546
sub-014_lh_volume_rostralmiddlefrontal,42,913.3943430965109
sub-014_lh_volume_rostralmiddlefrontal,43,914.9067401168938
sub-014_lh_volume_rostralmiddlefrontal,44,911.7323103596392
sub-014_lh_volume_superiorfrontal,0,875.7147215850594
sub-014_lh_volume_superiorfrontal,1,874.1186006767805
sub-014_lh_volume_superiorfrontal,2,874.4404959272044
sub-014_lh_volume_superiorfrontal,3,874.8162744329882
sub-014_lh_volume_superiorfrontal,4,874.5657037306202
sub-014_lh_volume_superiorfrontal,5,875.6063015723413
sub-014_lh_volume_superiorfrontal,6,874.8376537707425
sub-014_lh_volume_superiorfrontal,7,873.7949537646863
sub-014_lh_volume_superiorfrontal,8,873.8360757517261
sub-014_lh_volume_superiorfrontal,9,875.9775937575703
sub-014_lh_volume_superiorfrontal,10,873.5704091153403
sub-014_lh_volume_superiorfrontal,11,872.7654405697372
sub-014_lh_volume_superiorfrontal,12,874.8617552764656
sub-014_lh_volume_superiorfrontal,13,877.2235537979954
sub-014_lh_volume_superiorfrontal,14,873.4013210089631
sub-014_lh_volume_superiorfrontal,15,878.3061219681141
sub-014_lh_volume_superiorfrontal,16,877.434732032007
sub-014_lh_volume_superiorfrontal,17,876.9389783755753
sub-014_lh_volume_superiorfrontal,18,876.5571489674177
sub-014_lh_volume_superiorfrontal,19,879.1185681246972
sub-014_lh_volume_superiorfrontal,20,876.6695656946463
sub-014_lh_volume_superiorfrontal,21,877.9876187583272
sub-014_lh_volume_superiorfrontal,22,874.3417349881904
sub-014_lh_volume_superiorfrontal,23,876.5864015564438
sub-014_lh_volume_superiorfrontal,24,875.0727705608043
sub-014_lh_volume_superiorfrontal,25,876.7475076838057
sub-014_lh_volume_superiorfrontal,26,876.2160916114038
sub-014_lh_volume_superiorfrontal,27,877.8180858996487
sub-014_lh_volume_superiorfrontal,28,877.4903957159944
sub-014_lh_volume_superiorfrontal,29,876.2539385181989
sub-014_lh_volume_superiorfrontal,30,877.8980005072069
sub-014_lh_volume_superiorfrontal,31,876.6990547594174
sub-014_lh_volume_superiorfrontal,32,876.7672514686288
sub-014_lh_volume_superiorfrontal,33,878.2268429778343
sub-014_lh_volume_superiorfrontal,34,877.8163197598716
sub-014_lh_volume_superiorfrontal,35,875.784914664335
sub-014_lh_volume_superiorfrontal,36,875.7883555330972
sub-014_lh_volume_superiorfrontal,37,878.920261779312
sub-014_lh_volume_superiorfrontal,38,878.7590444638747
sub-014_lh_volume_superiorfrontal,39,878.0929969491884
sub-014_lh_volume_superiorfrontal,40,877.8154155879058
sub-014_lh_volume_superiorfrontal,41,879.2592007895772
sub-014_lh_volume_superiorfrontal,42,877.2393720286761
sub-014_lh_volume_superiorfrontal,43,878.8397988962573
sub-014_lh_volume_superiorfrontal,44,877.805729355923
sub-018_rh_volume_superiorfrontal,0,735.841855446854
sub-018_rh_volume_superiorfrontal,1,733.3561686015449
sub-018_rh_volume_superiorfrontal,2,735.9366206010895
sub-018_rh_volume_superiorfrontal,3,730.6258437494527
sub-018_rh_volume_superiorfrontal,4,734.8979044687587
sub-018_rh_volume_superiorfrontal,5,730.6169471227535
sub-018_rh_volume_superiorfrontal,6,732.8964879331032
sub-018_rh_volume_superiorfrontal,7,728.2739985855171
sub-018_rh_volume_superiorfrontal,8,728.2813644751305
sub-018_rh_volume_superiorfrontal,9,728.3012632361442
sub-018_rh_volume_superiorfrontal,10,727.3536931196136
sub-018_rh_volume_superiorfrontal,11,730.4129136431912
sub-018_rh_volume_superiorfrontal,12,727.7695376135308
sub-018_rh_volume_superiorfrontal,13,730.8507385253906
sub-018_rh_volume_superiorfrontal,14,728.4258698604567
sub-018_rh_volume_superiorfrontal,15,729.7307559984147
sub-018_rh_volume_superiorfrontal,16,725.4281536837865
sub-018_rh_volume_superiorfrontal,17,728.4129411500666
sub-018_rh_volume_superiorfrontal,18,731.6844823178689
sub-018_rh_volume_superiorfrontal,19,726.1881511329001
sub-018_rh_volume_superiorfrontal,20,728.0449603983105
sub-018_rh_volume_superiorfrontal,21,730.5837236755098
sub-018_rh_volume_superiorfrontal,22,728.1810726285515
sub-018_rh_volume_superiorfrontal,23,733.0765649085622
sub-018_rh_volume_superiorfrontal,24,729.4127677609567
sub-018_rh_volume_superiorfrontal,25,727.2201653040044
sub-018_rh_volume_superiorfrontal,26,729.1845749654043
sub-018_rh_volume_superiorfrontal,27,727.2502853325129
sub-018_rh_volume_superiorfrontal,28,726.824751575966
sub-018_rh_volume_superiorfrontal,29,727.6475739757042
sub-018_rh_volume_superiorfrontal,30,727.1066806947169
sub-018_rh_volume_superiorfrontal,31,729.3208734486669
sub-018_rh_volume_superiorfrontal,32,728.5680323031986
sub-018_rh_volume_superiorfrontal,33,727.1565574338083
sub-018_rh_volume_superiorfrontal,34,729.7764737937482
sub-018_rh_volume_superiorfrontal,35,727.4369692267859
sub-018_rh_volume_superiorfrontal,36,728.6542768264566
sub-018_rh_volume_superiorfrontal,37,729.1730036029901
sub-018_rh_volume_superiorfrontal,38,725.6302436178576
sub-018_rh_volume_superiorfrontal,39,728.0622690654121
sub-018_rh_volume_superiorfrontal,40,726.0964702383819
sub-018_rh_volume_superiorfrontal,41,727.7340199423478
sub-018_rh_volume_superiorfrontal,42,732.3460436081137
sub-018_rh_volume_superiorfrontal,43,725.6156624421945
sub-018_rh_volume_superiorfrontal,44,725.958047978012
sub-018_lh_volume_rostralmiddlefrontal,0,706.2442179097758
sub-018_lh_volume_rostralmiddlefrontal,1,705.1614895114651
sub-018_lh_volume_rostralmiddlefrontal,2,703.6889426491477
sub-018_lh_volume_rostralmiddlefrontal,3,705.599283193613
sub-018_lh_volume_rostralmiddlefrontal,4,703.8908572506595
sub-018_lh_volume_rostralmiddlefrontal,5,702.9598396598519
sub-018_lh_volume_rostralmiddlefrontal,6,700.8292410714286
sub-018_lh_volume_rostralmiddlefrontal,7,699.5294902851056
sub-018_lh_volume_rostralmiddlefrontal,8,701.0553030038809
sub-018_lh_volume_rostralmiddlefrontal,9,697.5163150143313
sub-018_lh_volume_rostralmiddlefrontal,10,697.3631778073001
sub-018_lh_volume_rostralmiddlefrontal,11,699.3035405146611
sub-018_lh_volume_rostralmiddlefrontal,12,698.726908101664
sub-018_lh_volume_rostralmiddlefrontal,13,702.8375763335786
sub-018_lh_volume_rostralmiddlefrontal,14,700.0012337820871
sub-018_lh_volume_rostralmiddlefrontal,15,700.681329504236
sub-018_lh_volume_rostralmiddlefrontal,16,697.8625032499239
sub-018_lh_volume_rostralmiddlefrontal,17,696.9151048536424
sub-018_lh_volume_rostralmiddlefrontal,18,698.234379359654
sub-018_lh_volume_rostralmiddlefrontal,19,698.5354534991376
sub-018_lh_volume_rostralmiddlefrontal,20,698.8013012378246
sub-018_lh_volume_rostralmiddlefrontal,21,699.2686668495079
sub-018_lh_volume_rostralmiddlefrontal,22,698.1916170987216
sub-018_lh_volume_rostralmiddlefrontal,23,696.1486523120434
sub-018_lh_volume_rostralmiddlefrontal,24,697.8087812151227
sub-018_lh_volume_rostralmiddlefrontal,25,695.7595837085278
sub-018_lh_volume_rostralmiddlefrontal,26,698.7441628196023
sub-018_lh_volume_rostralmiddlefrontal,27,700.0578113902699
sub-018_lh_volume_rostralmiddlefrontal,28,696.5718122209821
sub-018_lh_volume_rostralmiddlefrontal,29,695.7954937823407
sub-018_lh_volume_rostralmiddlefrontal,30,700.4295531433899
sub-018_lh_volume_rostralmiddlefrontal,31,697.6353795435522
sub-018_lh_volume_rostralmiddlefrontal,32,701.3375069754464
sub-018_lh_volume_rostralmiddlefrontal,33,700.2432270793172
sub-018_lh_volume_rostralmiddlefrontal,34,699.2002765605976
sub-018_lh_volume_rostralmiddlefrontal,35,699.9538760494876
sub-018_lh_volume_rostralmiddlefrontal,36,700.2637432147931
sub-018_lh_volume_rostralmiddlefrontal,37,697.6189273982853
sub-018_lh_volume_rostralmiddlefrontal,38,700.8778294154575
sub-018_lh_volume_rostralmiddlefrontal,39,703.6640541770241
sub-018_lh_volume_rostralmiddlefrontal,40,703.8302830287388
sub-018_lh_volume_rostralmiddlefrontal,41,700.8460170200893
sub-018_lh_volume_rostralmiddlefrontal,42,703.3313864175375
sub-018_lh_volume_rostralmiddlefrontal,43,700.7619513969917
sub-018_lh_volume_rostralmiddlefrontal,44,699.1338548536424
sub-018_lh_volume_superiorfrontal,0,747.7770413003548
sub-018_lh_volume_superiorfrontal,1,745.7821750688198
sub-018_lh_volume_superiorfrontal,2,744.355489347472
sub-018_lh_volume_superiorfrontal,3,745.6040349539102
sub-018_lh_volume_superiorfrontal,4,745.6878072203832
sub-018_lh_volume_superiorfrontal,5,742.6941891047854
sub-018_lh_volume_superiorfrontal,6,742.2249321949394
sub-018_lh_volume_superiorfrontal,7,739.0916835131775
sub-018_lh_volume_superiorfrontal,8,740.1612744958466
sub-018_lh_volume_superiorfrontal,9,741.0474996637765
sub-018_lh_volume_superiorfrontal,10,738.9799396524359
sub-018_lh_volume_superiorfrontal,11,742.0047414320575
sub-018_lh_volume_superiorfrontal,12,740.7187894532461
sub-018_lh_volume_superiorfrontal,13,741.5732313586819
sub-018_lh_volume_superiorfrontal,14,742.2122702018795
sub-018_lh_volume_superiorfrontal,15,739.4759349586354
sub-018_lh_volume_superiorfrontal,16,737.0430708286484
sub-018_lh_volume_superiorfrontal,17,738.4676489439555
sub-018_lh_volume_superiorfrontal,18,740.2424170255069
sub-018_lh_volume_superiorfrontal,19,737.4974852909817
sub-018_lh_volume_superiorfrontal,20,739.5248903033159
sub-018_lh_volume_superiorfrontal,21,743.4603765975157
sub-018_lh_volume_superiorfrontal,22,741.2742048315612
sub-018_lh_volume_superiorfrontal,23,742.788792461083
sub-018_lh_volume_superiorfrontal,24,741.1595424150415
sub-018_lh_volume_superiorfrontal,25,741.6935483870968
sub-018_lh_volume_superiorfrontal,26,742.3480295034556
sub-018_lh_volume_superiorfrontal,27,741.2476138737302
sub-018_lh_volume_superiorfrontal,28,738.949939812975
sub-018_lh_volume_superiorfrontal,29,737.6667122284769
sub-018_lh_volume_superiorfrontal,30,739.9010656465667
sub-018_lh_volume_superiorfrontal,31,740.4800723243884
sub-018_lh_volume_superiorfrontal,32,738.7542331591434
sub-018_lh_volume_superiorfrontal,33,738.1952470727357
sub-018_lh_volume_superiorfrontal,34,743.0467951847957
sub-018_lh_volume_superiorfrontal,35,740.4247022302216
sub-018_lh_volume_superiorfrontal,36,742.5721477953435
sub-018_lh_volume_superiorfrontal,37,742.5550073666253
sub-018_lh_volume_superiorfrontal,38,739.6573110727163
sub-018_lh_volume_superiorfrontal,39,740.0325117466172
sub-018_lh_volume_superiorfrontal,40,739.9132562452747
sub-018_lh_volume_superiorfrontal,41,742.5479686348965
sub-018_lh_volume_superiorfrontal,42,746.6029449538617
sub-018_lh_volume_superiorfrontal,43,740.3980828751405
sub-018_lh_volume_superiorfrontal,44,739.9458333434301
sub-022_rh_volume_superiorfrontal,0,549.5240517712514
sub-022_rh_volume_superiorfrontal,1,548.9212608687375
sub-022_rh_volume_superiorfrontal,2,543.9659092054454
sub-022_rh_volume_superiorfrontal,3,541.9596587014854
sub-022_rh_volume_superiorfrontal,4,548.1221051697337
sub-022_rh_volume_superiorfrontal,5,548.7967065933648
sub-022_rh_volume_superiorfrontal,6,550.6148440859733
sub-022_rh_volume_superiorfrontal,7,550.9405608570904
sub-022_rh_volume_superiorfrontal,8,547.6861050107063
sub-022_rh_volume_superiorfrontal,9,553.9374770418219
sub-022_rh_volume_superiorfrontal,10,549.6490876084074
sub-022_rh_volume_superiorfrontal,11,553.2068296659977
sub-022_rh_volume_superiorfrontal,12,552.0521135242707
sub-022_rh_volume_superiorfrontal,13,552.566610773769
sub-022_rh_volume_superiorfrontal,14,554.6313120990718
sub-022_rh_volume_superiorfrontal,15,553.269740813369
sub-022_rh_volume_superiorfrontal,16,557.1338524774674
sub-022_rh_volume_superiorfrontal,17,553.2522767793148
sub-022_rh_volume_superiorfrontal,18,555.4242710498495
sub-022_rh_volume_superiorfrontal,19,554.5720266639639
sub-022_rh_volume_superiorfrontal,20,549.8884036562858
sub-022_rh_volume_superiorfrontal,21,552.5396263752508
sub-022_rh_volume_superiorfrontal,22,549.4657038417431
sub-022_rh_volume_superiorfrontal,23,553.9598402670764
sub-022_rh_volume_superiorfrontal,24,552.6730268285909
sub-022_rh_volume_superiorfrontal,25,554.2298045027146
sub-022_rh_volume_superiorfrontal,26,553.9683681103068
sub-022_rh_volume_superiorfrontal,27,550.3350113335006
sub-022_rh_volume_superiorfrontal,28,557.1429503554598
sub-022_rh_volume_superiorfrontal,29,549.9136894296068
sub-022_rh_volume_superiorfrontal,30,551.5367507234625
sub-022_rh_volume_superiorfrontal,31,555.026929522873
sub-022_rh_volume_superiorfrontal,32,552.4536727765285
sub-022_rh_volume_superiorfrontal,33,546.6436073233228
sub-022_rh_volume_superiorfrontal,34,546.1243610907038
sub-022_rh_volume_superiorfrontal,35,551.1887082441137
sub-022_rh_volume_superiorfrontal,36,547.7203315944846
sub-022_rh_volume_superiorfrontal,37,550.92226864876
sub-022_rh_volume_superiorfrontal,38,551.9912749124229
sub-022_rh_volume_superiorfrontal,39,550.8515167236328
sub-022_rh_volume_superiorfrontal,40,552.3130911730846
sub-022_rh_volume_superiorfrontal,41,548.0437587073089
sub-022_rh_volume_superiorfrontal,42,556.5599270041929
sub-022_rh_volume_superiorfrontal,43,548.4252434126828
sub-022_rh_volume_superiorfrontal,44,550.8214023135124
sub-022_lh_volume_rostralmiddlefrontal,0,588.3601782226563
sub-022_lh_volume_rostralmiddlefrontal,1,587.39580078125
sub-022_lh_volume_rostralmiddlefrontal,2,590.1757299804688
sub-022_lh_volume_rostralmiddlefrontal,3,587.8858239746094
sub-022_lh_volume_rostralmiddlefrontal,4,589.4571744791666
sub-022_lh_volume_rostralmiddlefrontal,5,587.7749768066407
sub-022_lh_volume_rostralmiddlefrontal,6,589.8332421875
sub-022_lh_volume_rostralmiddlefrontal,7,586.8855480957031
sub-022_lh_volume_rostralmiddlefrontal,8,587.6314294433594
sub-022_lh_volume_rostralmiddlefrontal,9,589.3967093912761
sub-022_lh_volume_rostralmiddlefrontal,10,591.2562866210938
sub-022_lh_volume_rostralmiddlefrontal,11,588.6471785481771
sub-022_lh_volume_rostralmiddlefrontal,12,589.4352661132813
sub-022_lh_volume_rostralmiddlefrontal,13,586.687197672526
sub-022_lh_volume_rostralmiddlefrontal,14,588.3614029947917
sub-022_lh_volume_rostralmiddlefrontal,15,588.9232584635416
sub-022_lh_volume_rostralmiddlefrontal,16,586.0197538248698
sub-022_lh_volume_rostralmiddlefrontal,17,588.6615608723959
sub-022_lh_volume_rostralmiddlefrontal,18,589.1421687825521
sub-022_lh_volume_rostralmiddlefrontal,19,586.8942492675782
sub-022_lh_volume_rostralmiddlefrontal,20,585.4234594726563
sub-022_lh_volume_rostralmiddlefrontal,21,586.6091670735677
sub-022_lh_volume_rostralmiddlefrontal,22,588.3223689778646
sub-022_lh_volume_rostralmiddlefrontal,23,584.619950358073
sub-022_lh_volume_rostralmiddlefrontal,24,588.5961596679688
sub-022_lh_volume_rostralmiddlefrontal,25,585.8033512369792
sub-022_lh_volume_rostralmiddlefrontal,26,587.1266870117188
sub-022_lh_volume_rostralmiddlefrontal,27,590.0630647786459
sub-022_lh_volume_rostralmiddlefrontal,28,583.6976603190104
sub-022_lh_volume_rostralmiddlefrontal,29,584.1944864908854
sub-022_lh_volume_rostralmiddlefrontal,30,585.0965568033854
sub-022_lh_volume_rostralmiddlefrontal,31,588.1313069661459
sub-022_lh_volume_rostralmiddlefrontal,32,585.6603637695313
sub-022_lh_volume_rostralmiddlefrontal,33,585.5037288411459
sub-022_lh_volume_rostralmiddlefrontal,34,579.2422497558593
sub-022_lh_volume_rostralmiddlefrontal,35,584.3988000488281
sub-022_lh_volume_rostralmiddlefrontal,36,585.554443766276
sub-022_lh_volume_rostralmiddlefrontal,37,584.2306579589844
sub-022_lh_volume_rostralmiddlefrontal,38,588.1993737792968
sub-022_lh_volume_rostralmiddlefrontal,39,584.7358056640625
sub-022_lh_volume_rostralmiddlefrontal,40,582.5521354166667
sub-022_lh_volume_rostralmiddlefrontal,41,585.1552416992188
sub-022_lh_volume_rostralmiddlefrontal,42,583.0844421386719
sub-022_lh_volume_rostralmiddlefrontal,43,582.471865234375
sub-022_lh_volume_rostralmiddlefrontal,44,580.9260738118489
sub-022_lh_volume_superiorfrontal,0,598.8081059682937
sub-022_lh_volume_superiorfrontal,1,601.4010418483189
sub-022_lh_volume_superiorfrontal,2,599.2467055547805
sub-022_lh_volume_superiorfrontal,3,600.0026012602307
sub-022_lh_volume_superiorfrontal,4,599.7338365827288
sub-022_lh_volume_superiorfrontal,5,597.9284487224761
sub-022_lh_volume_superiorfrontal,6,598.6931309472947
sub-022_lh_volume_superiorfrontal,7,598.7594684873309
sub-022_lh_volume_superiorfrontal,8,599.5626718430292
sub-022_lh_volume_superiorfrontal,9,599.9064764749436
sub-022_lh_volume_superiorfrontal,10,599.4957743145171
sub-022_lh_volume_superiorfrontal,11,599.9598680223737
sub-022_lh_volume_superiorfrontal,12,599.7265815734863
sub-022_lh_volume_superiorfrontal,13,600.4994094485328
sub-022_lh_volume_superiorfrontal,14,600.6970890590122
sub-022_lh_volume_superiorfrontal,15,599.9213539305188
sub-022_lh_volume_superiorfrontal,16,600.5451092492966
sub-022_lh_volume_superiorfrontal,17,600.1111182258243
sub-022_lh_volume_superiorfrontal,18,601.3859347388858
sub-022_lh_volume_superiorfrontal,19,601.1303302219936
sub-022_lh_volume_superiorfrontal,20,598.2389915103004
sub-022_lh_volume_superiorfrontal,21,599.4894008636475
sub-022_lh_volume_superiorfrontal,22,597.9378721146356
sub-022_lh_volume_superiorfrontal,23,599.6134858812604
sub-022_lh_volume_superiorfrontal,24,601.0380318051293
sub-022_lh_volume_superiorfrontal,25,600.2398793356759
sub-022_lh_volume_superiorfrontal,26,600.2118770054409
sub-022_lh_volume_superiorfrontal,27,598.9506366366431
sub-022_lh_volume_superiorfrontal,28,600.460570199149
sub-022_lh_volume_superiorfrontal,29,599.9336534227643
sub-022_lh_volume_superiorfrontal,30,599.7601836976551
sub-022_lh_volume_superiorfrontal,31,600.1548172178723
sub-022_lh_volume_superiorfrontal,32,599.0616418747675
sub-022_lh_volume_superiorfrontal,33,596.8432707105364
sub-022_lh_volume_superiorfrontal,34,597.7987968808129
sub-022_lh_volume_superiorfrontal,35,598.2516579400925
sub-022_lh_volume_superiorfrontal,36,597.7766076042539
sub-022_lh_volume_superiorfrontal,37,598.1609334491548
sub-022_lh_volume_superiorfrontal,38,597.7516857328869
sub-022_lh_volume_superiorfrontal,39,597.3449469975063
sub-022_lh_volume_superiorfrontal,40,598.509291785104
sub-022_lh_volume_superiorfrontal,41,596.2038346245175
sub-022_lh_volume_superiorfrontal,42,598.3074497041248
sub-022_lh_volume_superiorfrontal,43,598.5761546180362
sub-022_lh_volume_superiorfrontal,44,597.8902506147112
sub-029_rh_volume_superiorfrontal,0,619.2872589541154
sub-029_rh_volume_superiorfrontal,1,602.2137118057466
sub-029_rh_volume_superiorfrontal,2,590.1985114728901
sub-029_rh_volume_superiorfrontal,3,597.5923457615812
sub-029_rh_volume_superiorfrontal,4,600.6607113690443
sub-029_rh_volume_superiorfrontal,5,595.6714337845923
sub-029_rh_volume_superiorfrontal,6,585.7547205535459
sub-029_rh_volume_superiorfrontal,7,583.2369449239382
sub-029_rh_volume_superiorfrontal,8,590.9221997328208
sub-029_rh_volume_superiorfrontal,9,589.1464001292914
sub-029_rh_volume_superiorfrontal,10,596.3906026490977
sub-029_rh_volume_superiorfrontal,11,598.4086658316598
sub-029_rh_volume_superiorfrontal,12,594.0735950738612
sub-029_rh_volume_superiorfrontal,13,583.2583355970786
sub-029_rh_volume_superiorfrontal,14,583.5674550231074
sub-029_rh_volume_superiorfrontal,15,594.7720966607752
sub-029_rh_volume_superiorfrontal,16,599.5381742665465
sub-029_rh_volume_superiorfrontal,17,596.757529245296
sub-029_rh_volume_superiorfrontal,18,597.6697280239051
sub-029_rh_volume_superiorfrontal,19,606.6808282556668
sub-029_rh_volume_superiorfrontal,20,603.8262563356211
sub-029_rh_volume_superiorfrontal,21,603.0497294681173
sub-029_rh_volume_superiorfrontal,22,598.5690825556366
sub-029_rh_volume_superiorfrontal,23,604.5857464427679
sub-029_rh_volume_superiorfrontal,24,600.9776059002943
sub-029_rh_volume_superiorfrontal,25,604.2510287862428
sub-029_rh_volume_superiorfrontal,26,594.4204258448641
sub-029_rh_volume_superiorfrontal,27,607.4347835057218
sub-029_rh_volume_superiorfrontal,28,601.6228646291813
sub-029_rh_volume_superiorfrontal,29,604.4286269067039
sub-029_rh_volume_superiorfrontal,30,598.8521713471748
sub-029_rh_volume_superiorfrontal,31,605.2803357621314
sub-029_rh_volume_superiorfrontal,32,595.7267954651738
sub-029_rh_volume_superiorfrontal,33,604.1168928549323
sub-029_rh_volume_superiorfrontal,34,593.4091564769476
sub-029_rh_volume_superiorfrontal,35,593.4518110248405
sub-029_rh_volume_superiorfrontal,36,582.7575326838963
sub-029_rh_volume_superiorfrontal,37,598.5608157305651
sub-029_rh_volume_superiorfrontal,38,593.9408960476727
sub-029_rh_volume_superiorfrontal,39,605.6651170757455
sub-029_rh_volume_superiorfrontal,40,610.9456660310987
sub-029_rh_volume_superiorfrontal,41,611.4371565697899
sub-029_rh_volume_superiorfrontal,42,593.2698482459699
sub-029_rh_volume_superiorfrontal,43,597.461616408657
sub-029_rh_volume_superiorfrontal,44,589.9838291221942
sub-029_lh_volume_rostralmiddlefrontal,0,672.0113196566537
sub-029_lh_volume_rostralmiddlefrontal,1,665.5043784278785
sub-029_lh_volume_rostralmiddlefrontal,2,663.7639387630448
sub-029_lh_volume_rostralmiddlefrontal,3,664.1923411464339
sub-029_lh_volume_rostralmiddlefrontal,4,668.1863370663126
sub-029_lh_volume_rostralmiddlefrontal,5,664.3422018241179
sub-029_lh_volume_rostralmiddlefrontal,6,662.9599001275657
sub-029_lh_volume_rostralmiddlefrontal,7,662.1926079218678
sub-029_lh_volume_rostralmiddlefrontal,8,663.2709084824003
sub-029_lh_volume_rostralmiddlefrontal,9,663.4111615283023
sub-029_lh_volume_rostralmiddlefrontal,10,666.7577533792306
sub-029_lh_volume_rostralmiddlefrontal,11,665.6914776453673
sub-029_lh_volume_rostralmiddlefrontal,12,662.9447141978134
sub-029_lh_volume_rostralmiddlefrontal,13,662.9156149550997
sub-029_lh_volume_rostralmiddlefrontal,14,662.0254298136243
sub-029_lh_volume_rostralmiddlefrontal,15,664.5994393324061
sub-029_lh_volume_rostralmiddlefrontal,16,664.4605681359548
sub-029_lh_volume_rostralmiddlefrontal,17,667.5212971029247
sub-029_lh_volume_rostralmiddlefrontal,18,665.843197755708
sub-029_lh_volume_rostralmiddlefrontal,19,666.4531877243211
sub-029_lh_volume_rostralmiddlefrontal,20,667.7494393098838
sub-029_lh_volume_rostralmiddlefrontal,21,668.7530693251268
sub-029_lh_volume_rostralmiddlefrontal,22,666.8980848023813
sub-029_lh_volume_rostralmiddlefrontal,23,668.2596870225294
sub-029_lh_volume_rostralmiddlefrontal,24,666.6445288851693
sub-029_lh_volume_rostralmiddlefrontal,25,664.3408835998761
sub-029_lh_volume_rostralmiddlefrontal,26,662.5970211240199
sub-029_lh_volume_rostralmiddlefrontal,27,664.4145166601202
sub-029_lh_volume_rostralmiddlefrontal,28,669.4353950753863
sub-029_lh_volume_rostralmiddlefrontal,29,665.0405865771304
sub-029_lh_volume_rostralmiddlefrontal,30,666.7336384115184
sub-029_lh_volume_rostralmiddlefrontal,31,665.8596079921371
sub-029_lh_volume_rostralmiddlefrontal,32,668.207688672956
sub-029_lh_volume_rostralmiddlefrontal,33,664.9863635974616
sub-029_lh_volume_rostralmiddlefrontal,34,666.7083928294727
sub-029_lh_volume_rostralmiddlefrontal,35,664.4413127828788
sub-029_lh_volume_rostralmiddlefrontal,36,663.7768436445962
sub-029_lh_volume_rostralmiddlefrontal,37,663.6385456380809
sub-029_lh_volume_rostralmiddlefrontal,38,667.8240301265928
sub-029_lh_volume_rostralmiddlefrontal,39,666.8012992605512
sub-029_lh_volume_rostralmiddlefrontal,40,671.7723457364579
sub-029_lh_volume_rostralmiddlefrontal,41,669.2523402815815
sub-029_lh_volume_rostralmiddlefrontal,42,666.6950773682541
sub-029_lh_volume_rostralmiddlefrontal,43,662.6453261709742
sub-029_lh_volume_rostralmiddlefrontal,44,666.4140206087119
sub-029_lh_volume_superiorfrontal,0,622.3798088221985
sub-029_lh_volume_superiorfrontal,1,611.0019907587847
sub-029_lh_volume_superiorfrontal,2,606.1682674482087
sub-029_lh_volume_superiorfrontal,3,609.3493523248464
sub-029_lh_volume_superiorfrontal,4,609.9062305672821
sub-029_lh_volume_superiorfrontal,5,611.3929191098975
sub-029_lh_volume_superiorfrontal,6,609.2330959987213
sub-029_lh_volume_superiorfrontal,7,606.5220671284537
sub-029_lh_volume_superiorfrontal,8,609.4267578581167
sub-029_lh_volume_superiorfrontal,9,608.1218568719199
sub-029_lh_volume_superiorfrontal,10,612.2154964338682
sub-029_lh_volume_superiorfrontal,11,613.4241365395676
sub-029_lh_volume_superiorfrontal,12,611.7715462768737
sub-029_lh_volume_superiorfrontal,13,607.5233086327979
sub-029_lh_volume_superiorfrontal,14,607.8532192988603
sub-029_lh_volume_superiorfrontal,15,612.7111061905888
sub-029_lh_volume_superiorfrontal,16,614.9842666603168
sub-029_lh_volume_superiorfrontal,17,609.5871200675565
sub-029_lh_volume_superiorfrontal,18,612.6173686439503
sub-029_lh_volume_superiorfrontal,19,614.9229089027028
sub-029_lh_volume_superiorfrontal,20,613.4040659632205
sub-029_lh_volume_superiorfrontal,21,611.2578867183851
sub-029_lh_volume_superiorfrontal,22,610.8957220741808
sub-029_lh_volume_superiorfrontal,23,615.3108256387069
sub-029_lh_volume_superiorfrontal,24,613.8264495439059
sub-029_lh_volume_superiorfrontal,25,615.2200673649307
sub-029_lh_volume_superiorfrontal,26,609.7814271752966
sub-029_lh_volume_superiorfrontal,27,614.3881694525703
sub-029_lh_volume_superiorfrontal,28,615.8772177931439
sub-029_lh_volume_superiorfrontal,29,616.2280437201484
sub-029_lh_volume_superiorfrontal,30,612.5304327310469
sub-029_lh_volume_superiorfrontal,31,614.1145598863451
sub-029_lh_volume_superiorfrontal,32,612.1207593795252
sub-029_lh_volume_superiorfrontal,33,612.5564368551622
sub-029_lh_volume_superiorfrontal,34,610.4899186161423
sub-029_lh_volume_superiorfrontal,35,607.2781674509091
sub-029_lh_volume_superiorfrontal,36,606.7167861550735
sub-029_lh_volume_superiorfrontal,37,612.0871144567013
sub-029_lh_volume_superiorfrontal,38,612.5262066166854
sub-029_lh_volume_superiorfrontal,39,612.8164968447835
sub-029_lh_volume_superiorfrontal,40,613.9562428564234
sub-029_lh_volume_superiorfrontal,41,613.8218810305289
sub-029_lh_volume_superiorfrontal,42,611.3489795451029
sub-029_lh_volume_superiorfrontal,43,609.245331722881
sub-029_lh_volume_superiorfrontal,44,608.4080063801354
sub-050_rh_volume_superiorfrontal,0,736.7361226691901
sub-050_rh_volume_superiorfrontal,1,735.9727676630642
sub-050_rh_volume_superiorfrontal,2,735.563983170233
sub-050_rh_volume_superiorfrontal,3,736.6666816930547
sub-050_rh_volume_superiorfrontal,4,733.824699740497
sub-050_rh_volume_superiorfrontal,5,733.2604571907701
sub-050_rh_volume_superiorfrontal,6,736.5943961479645
sub-050_rh_volume_superiorfrontal,7,734.5846751439665
sub-050_rh_volume_superiorfrontal,8,732.9328631806934
sub-050_rh_volume_superiorfrontal,9,738.8394554875227
sub-050_rh_volume_superiorfrontal,10,738.8625699832608
sub-050_rh_volume_superiorfrontal,11,737.6043326076577
sub-050_rh_volume_superiorfrontal,12,737.2266607060445
sub-050_rh_volume_superiorfrontal,13,739.9506968804501
sub-050_rh_volume_superiorfrontal,14,737.7217663996524
sub-050_rh_volume_superiorfrontal,15,735.7818583993936
sub-050_rh_volume_superiorfrontal,16,738.5211491198826
sub-050_rh_volume_superiorfrontal,17,735.4917885802745
sub-050_rh_volume_superiorfrontal,18,734.0601603455706
sub-050_rh_volume_superiorfrontal,19,735.4779278229796
sub-050_rh_volume_superiorfrontal,20,733.5992601758195
sub-050_rh_volume_superiorfrontal,21,734.103944902943
sub-050_rh_volume_superiorfrontal,22,733.948806902136
sub-050_rh_volume_superiorfrontal,23,734.3489935653328
sub-050_rh_volume_superiorfrontal,24,732.1417374374349
sub-050_rh_volume_superiorfrontal,25,731.5845651053884
sub-050_rh_volume_superiorfrontal,26,734.6652332036987
sub-050_rh_volume_superiorfrontal,27,734.8415000855767
sub-050_rh_volume_superiorfrontal,28,734.6795592942997
sub-050_rh_volume_superiorfrontal,29,733.3530902713148
sub-050_rh_volume_superiorfrontal,30,735.1312817008314
sub-050_rh_volume_superiorfrontal,31,735.6846294552477
sub-050_rh_volume_superiorfrontal,32,736.7932792444453
sub-050_rh_volume_superiorfrontal,33,738.0713845394921
sub-050_rh_volume_superiorfrontal,34,737.7250842699494
sub-050_rh_volume_superiorfrontal,35,733.6450499093875
sub-050_rh_volume_superiorfrontal,36,735.6825243200396
sub-050_rh_volume_superiorfrontal,37,735.8842541567651
sub-050_rh_volume_superiorfrontal,38,733.1879299950662
sub-050_rh_volume_superiorfrontal,39,734.1060130465436
sub-050_rh_volume_superiorfrontal,40,737.1108310789103
sub-050_rh_volume_superiorfrontal,41,732.7262274241634
sub-050_rh_volume_superiorfrontal,42,731.1344308479647
sub-050_rh_volume_superiorfrontal,43,732.7286160620946
sub-050_rh_volume_superiorfrontal,44,733.9155025830779
sub-050_lh_volume_rostralmiddlefrontal,0,779.7090383300781
sub-050_lh_volume_rostralmiddlefrontal,1,778.588353515625
sub-050_lh_volume_rostralmiddlefrontal,2,780.4338583984375
sub-050_lh_volume_rostralmiddlefrontal,3,780.6475444335938
sub-050_lh_volume_rostralmiddlefrontal,4,780.0002797851563
sub-050_lh_volume_rostralmiddlefrontal,5,776.2388107910157
sub-050_lh_volume_rostralmiddlefrontal,6,780.8716030273438
sub-050_lh_volume_rostralmiddlefrontal,7,780.1811481933594
sub-050_lh_volume_rostralmiddlefrontal,8,776.91180078125
sub-050_lh_volume_rostralmiddlefrontal,9,779.8575769042968
sub-050_lh_volume_rostralmiddlefrontal,10,780.9453725585937
sub-050_lh_volume_rostralmiddlefrontal,11,778.8141799316406
sub-050_lh_volume_rostralmiddlefrontal,12,779.56015625
sub-050_lh_volume_rostralmiddlefrontal,13,782.2757756347656
sub-050_lh_volume_rostralmiddlefrontal,14,782.3151730957031
sub-050_lh_volume_rostralmiddlefrontal,15,781.1876171875
sub-050_lh_volume_rostralmiddlefrontal,16,780.2303061523437
sub-050_lh_volume_rostralmiddlefrontal,17,780.8983916015625
sub-050_lh_volume_rostralmiddlefrontal,18,777.6445395507812
sub-050_lh_volume_rostralmiddlefrontal,19,779.3183513183594
sub-050_lh_volume_rostralmiddlefrontal,20,777.3682541503906
sub-050_lh_volume_rostralmiddlefrontal,21,778.7634213867187
sub-050_lh_volume_rostralmiddlefrontal,22,779.0325825195313
sub-050_lh_volume_rostralmiddlefrontal,23,779.1714528808594
sub-050_lh_volume_rostralmiddlefrontal,24,779.5985729980468
sub-050_lh_volume_rostralmiddlefrontal,25,777.1722116699219
sub-050_lh_volume_rostralmiddlefrontal,26,778.2854794921875
sub-050_lh_volume_rostralmiddlefrontal,27,778.7637497558594
sub-050_lh_volume_rostralmiddlefrontal,28,780.1920681152344
sub-050_lh_volume_rostralmiddlefrontal,29,779.8478278808594
sub-050_lh_volume_rostralmiddlefrontal,30,780.4652468261719
sub-050_lh_volume_rostralmiddlefrontal,31,779.0849870605468
sub-050_lh_volume_rostralmiddlefrontal,32,777.9013984375
sub-050_lh_volume_rostralmiddlefrontal,33,777.5455161132812
sub-050_lh_volume_rostralmiddlefrontal,34,778.6542707519532
sub-050_lh_volume_rostralmiddlefrontal,35,778.906126953125
sub-050_lh_volume_rostralmiddlefrontal,36,777.8047880859375
sub-050_lh_volume_rostralmiddlefrontal,37,780.3690734863281
sub-050_lh_volume_rostralmiddlefrontal,38,778.6656984863281
sub-050_lh_volume_rostralmiddlefrontal,39,777.5988400878906
sub-050_lh_volume_rostralmiddlefrontal,40,777.6211027832031
sub-050_lh_volume_rostralmiddlefrontal,41,778.2091364746094
sub-050_lh_volume_rostralmiddlefrontal,42,775.8827756347656
sub-050_lh_volume_rostralmiddlefrontal,43,778.4131311035156
sub-050_lh_volume_rostralmiddlefrontal,44,776.4470366210937
sub-050_lh_volume_superiorfrontal,0,777.210999261189
sub-050_lh_volume_superiorfrontal,1,772.8652251301825
sub-050_lh_volume_superiorfrontal,2,778.3251483139776
sub-050_lh_volume_superiorfrontal,3,776.4170410737077
sub-050_lh_volume_superiorfrontal,4,772.6651776379579
sub-050_lh_volume_superiorfrontal,5,775.1834018837357
sub-050_lh_volume_superiorfrontal,6,777.8235099483917
sub-050_lh_volume_superiorfrontal,7,774.5467557854165
sub-050_lh_volume_superiorfrontal,8,774.451545781885
sub-050_lh_volume_superiorfrontal,9,776.6336200420673
sub-050_lh_volume_superiorfrontal,10,776.2186496138668
sub-050_lh_volume_superiorfrontal,11,774.326645054768
sub-050_lh_volume_superiorfrontal,12,774.9893965815666
sub-050_lh_volume_superiorfrontal,13,778.664079198754
sub-050_lh_volume_superiorfrontal,14,774.3168053744238
sub-050_lh_volume_superiorfrontal,15,774.0180435604183
sub-050_lh_volume_superiorfrontal,16,778.2284991198546
sub-050_lh_volume_superiorfrontal,17,775.122094029571
sub-050_lh_volume_superiorfrontal,18,774.3275410276287
sub-050_lh_volume_superiorfrontal,19,776.5702985117683
sub-050_lh_volume_superiorfrontal,20,775.8386097846761
sub-050_lh_volume_superiorfrontal,21,773.0297576154063
sub-050_lh_volume_superiorfrontal,22,777.3668771451848
sub-050_lh_volume_superiorfrontal,23,775.7974918374554
sub-050_lh_volume_superiorfrontal,24,773.6513915822017
sub-050_lh_volume_superiorfrontal,25,774.6066979719097
sub-050_lh_volume_superiorfrontal,26,777.68430192238
sub-050_lh_volume_superiorfrontal,27,776.2697223902315
sub-050_lh_volume_superiorfrontal,28,774.428949608678
sub-050_lh_volume_superiorfrontal,29,779.1002355056751
sub-050_lh_volume_superiorfrontal,30,775.3060683175555
sub-050_lh_volume_superiorfrontal,31,774.9573932499474
sub-050_lh_volume_superiorfrontal,32,774.6769945475905
sub-050_lh_volume_superiorfrontal,33,776.823600460479
sub-050_lh_volume_superiorfrontal,34,774.3715269979648
sub-050_lh_volume_superiorfrontal,35,774.0505130534887
sub-050_lh_volume_superiorfrontal,36,774.342662451288
sub-050_lh_volume_superiorfrontal,37,778.4190111394727
sub-050_lh_volume_superiorfrontal,38,775.2199291740496
sub-050_lh_volume_superiorfrontal,39,773.5547553598644
sub-050_lh_volume_superiorfrontal,40,778.3397614662842
sub-050_lh_volume_superiorfrontal,41,774.9138186981903
sub-050_lh_volume_superiorfrontal,42,772.1318670117032
sub-050_lh_volume_superiorfrontal,43,775.188185520157
sub-050_lh_volume_superiorfrontal,44,775.280532437596
sub-051_rh_volume_superiorfrontal,0,799.8615710688572
sub-051_rh_volume_superiorfrontal,1,800.1700104358149
sub-051_rh_volume_superiorfrontal,2,802.2666027592678
sub-051_rh_volume_superiorfrontal,3,802.0033018822763
sub-051_rh_volume_superiorfrontal,4,800.9256555893842
sub-051_rh_volume_superiorfrontal,5,803.3788859049479
sub-051_rh_volume_superiorfrontal,6,803.7682351505055
sub-051_rh_volume_superiorfrontal,7,800.7162092620251
sub-051_rh_volume_superiorfrontal,8,804.396240234375
sub-051_rh_volume_superiorfrontal,9,803.8304814357383
sub-051_rh_volume_superiorfrontal,10,802.8432102577359
sub-051_rh_volume_superiorfrontal,11,803.3501562978707
sub-051_rh_volume_superiorfrontal,12,804.8904418945312
sub-051_rh_volume_superiorfrontal,13,804.5968867283242
sub-051_rh_volume_superiorfrontal,14,801.9230238970588
sub-051_rh_volume_superiorfrontal,15,802.7886627795649
sub-051_rh_volume_superiorfrontal,16,802.1621704101562
sub-051_rh_volume_superiorfrontal,17,804.1796240713082
sub-051_rh_volume_superiorfrontal,18,804.2854997223499
sub-051_rh_volume_superiorfrontal,19,808.9854054170496
sub-051_rh_volume_superiorfrontal,20,804.8468699735754
sub-051_rh_volume_superiorfrontal,21,806.6460308000153
sub-051_rh_volume_superiorfrontal,22,809.3497589709712
sub-051_rh_volume_superiorfrontal,23,803.7770313936121
sub-051_rh_volume_superiorfrontal,24,805.7090071135876
sub-051_rh_volume_superiorfrontal,25,804.9110574161305
sub-051_rh_volume_superiorfrontal,26,804.7685032264859
sub-051_rh_volume_superiorfrontal,27,804.4113171147366
sub-051_rh_volume_superiorfrontal,28,804.7110918830423
sub-051_rh_volume_superiorfrontal,29,808.6935125612745
sub-051_rh_volume_superiorfrontal,30,807.3350423177084
sub-051_rh_volume_superiorfrontal,31,804.5820839077819
sub-051_rh_volume_superiorfrontal,32,807.0429472081802
sub-051_rh_volume_superiorfrontal,33,803.9251182406556
sub-051_rh_volume_superiorfrontal,34,803.7869298598346
sub-051_rh_volume_superiorfrontal,35,804.1688292260263
sub-051_rh_volume_superiorfrontal,36,807.6552734375
sub-051_rh_volume_superiorfrontal,37,805.8321628944547
sub-051_rh_volume_superiorfrontal,38,803.4035740272672
sub-051_rh_volume_superiorfrontal,39,803.9634160060508
sub-051_rh_volume_superiorfrontal,40,801.9548052619485
sub-051_rh_volume_superiorfrontal,41,803.9125007180606
sub-051_rh_volume_superiorfrontal,42,804.235107421875
sub-051_rh_volume_superiorfrontal,43,808.2352151309742
sub-051_rh_volume_superiorfrontal,44,804.0944393382352
sub-051_lh_volume_rostralmiddlefrontal,0,782.6448092074007
sub-051_lh_volume_rostralmiddlefrontal,1,751.7525230613915
sub-051_lh_volume_rostralmiddlefrontal,2,752.9377127982475
sub-051_lh_volume_rostralmiddlefrontal,3,759.6305278056377
sub-051_lh_volume_rostralmiddlefrontal,4,760.1499600797086
sub-051_lh_volume_rostralmiddlefrontal,5,767.5781918087521
sub-051_lh_volume_rostralmiddlefrontal,6,772.2330577953442
sub-051_lh_volume_rostralmiddlefrontal,7,775.4139041385135
sub-051_lh_volume_rostralmiddlefrontal,8,773.4720112568623
sub-051_lh_volume_rostralmiddlefrontal,9,771.6138792295714
sub-051_lh_volume_rostralmiddlefrontal,10,770.9935764622044
sub-051_lh_volume_rostralmiddlefrontal,11,770.3511237067145
sub-051_lh_volume_rostralmiddlefrontal,12,783.14614950644
sub-051_lh_volume_rostralmiddlefrontal,13,781.2477144808382
sub-051_lh_volume_rostralmiddlefrontal,14,779.5739325446051
sub-051_lh_volume_rostralmiddlefrontal,15,782.219052701383
sub-051_lh_volume_rostralmiddlefrontal,16,786.9228243441195
sub-051_lh_volume_rostralmiddlefrontal,17,786.225174362595
sub-051_lh_volume_rostralmiddlefrontal,18,788.5474432867926
sub-051_lh_volume_rostralmiddlefrontal,19,794.6110427444046
sub-051_lh_volume_rostralmiddlefrontal,20,791.4184644544447
sub-051_lh_volume_rostralmiddlefrontal,21,789.5175063674515
sub-051_lh_volume_rostralmiddlefrontal,22,785.1667472220756
sub-051_lh_volume_rostralmiddlefrontal,23,781.4691887932855
sub-051_lh_volume_rostralmiddlefrontal,24,778.2480963629645
sub-051_lh_volume_rostralmiddlefrontal,25,778.6613753035261
sub-051_lh_volume_rostralmiddlefrontal,26,778.9866712415541
sub-051_lh_volume_rostralmiddlefrontal,27,778.9181469066723
sub-051_lh_volume_rostralmiddlefrontal,28,783.2089513830236
sub-051_lh_volume_rostralmiddlefrontal,29,787.3260860958615
sub-051_lh_volume_rostralmiddlefrontal,30,782.0260834565033
sub-051_lh_volume_rostralmiddlefrontal,31,776.3018468908361
sub-051_lh_volume_rostralmiddlefrontal,32,789.4494010306694
sub-051_lh_volume_rostralmiddlefrontal,33,779.6259270745355
sub-051_lh_volume_rostralmiddlefrontal,34,777.7932285618137
sub-051_lh_volume_rostralmiddlefrontal,35,779.6813370988176
sub-051_lh_volume_rostralmiddlefrontal,36,790.3504976839632
sub-051_lh_volume_rostralmiddlefrontal,37,802.4590214909734
sub-051_lh_volume_rostralmiddlefrontal,38,782.8587126860748
sub-051_lh_volume_rostralmiddlefrontal,39,779.1567828204181
sub-051_lh_volume_rostralmiddlefrontal,40,766.8534042770798
sub-051_lh_volume_rostralmiddlefrontal,41,774.7383802259291
sub-051_lh_volume_rostralmiddlefrontal,42,780.2817267340582
sub-051_lh_volume_rostralmiddlefrontal,43,783.7437999828442
sub-051_lh_volume_rostralmiddlefrontal,44,770.8308946764147
sub-051_lh_volume_superiorfrontal,0,748.2640567902596
sub-051_lh_volume_superiorfrontal,1,734.1177880071824
sub-051_lh_volume_superiorfrontal,2,731.5827941894531
sub-051_lh_volume_superiorfrontal,3,740.3810552781628
sub-051_lh_volume_superiorfrontal,4,737.0342801001764
sub-051_lh_volume_superiorfrontal,5,743.1607606949344
sub-051_lh_volume_superiorfrontal,6,747.9951733004663
sub-051_lh_volume_superiorfrontal,7,744.2454075967112
sub-051_lh_volume_superiorfrontal,8,747.7022577101185
sub-051_lh_volume_superiorfrontal,9,746.5202282321069
sub-051_lh_volume_superiorfrontal,10,749.7624216387348
sub-051_lh_volume_superiorfrontal,11,741.1905064736643
sub-051_lh_volume_superiorfrontal,12,748.3628264396422
sub-051_lh_volume_superiorfrontal,13,744.9683749291205
sub-051_lh_volume_superiorfrontal,14,742.2860383064516
sub-051_lh_volume_superiorfrontal,15,745.7099058089718
sub-051_lh_volume_superiorfrontal,16,748.5660774477067
sub-051_lh_volume_superiorfrontal,17,749.3466855941281
sub-051_lh_volume_superiorfrontal,18,753.3266040432837
sub-051_lh_volume_superiorfrontal,19,758.7039263325353
sub-051_lh_volume_superiorfrontal,20,756.3328818044355
sub-051_lh_volume_superiorfrontal,21,748.1937964654738
sub-051_lh_volume_superiorfrontal,22,747.4236115486391
sub-051_lh_volume_superiorfrontal,23,741.4920831495716
sub-051_lh_volume_superiorfrontal,24,737.7392991588962
sub-051_lh_volume_superiorfrontal,25,746.0024670016381
sub-051_lh_volume_superiorfrontal,26,744.6743528304562
sub-051_lh_volume_superiorfrontal,27,741.7270025437878
sub-051_lh_volume_superiorfrontal,28,747.9349621188256
sub-051_lh_volume_superiorfrontal,29,758.0890808105469
sub-051_lh_volume_superiorfrontal,30,757.063469671434
sub-051_lh_volume_superiorfrontal,31,746.0618266444052
sub-051_lh_volume_superiorfrontal,32,753.3613428915701
sub-051_lh_volume_superiorfrontal,33,745.6980236422631
sub-051_lh_volume_superiorfrontal,34,742.9985637049521
sub-051_lh_volume_superiorfrontal,35,748.0786388766381
sub-051_lh_volume_superiorfrontal,36,756.5380396689138
sub-051_lh_volume_superiorfrontal,37,755.2268381426411
sub-051_lh_volume_superiorfrontal,38,749.9074352633569
sub-051_lh_volume_superiorfrontal,39,742.8826392389113
sub-051_lh_volume_superiorfrontal,40,733.1613100113407
sub-051_lh_volume_superiorfrontal,41,741.4852176789315
sub-051_lh_volume_superiorfrontal,42,748.0087112918977
sub-051_lh_volume_superiorfrontal,43,753.3496733634703
sub-051_lh_volume_superiorfrontal,44,746.6635643743699
sub-053_rh_volume_superiorfrontal,0,818.164484617089
sub-053_rh_volume_superiorfrontal,1,814.7135522666098
sub-053_rh_volume_superiorfrontal,2,812.1369013425683
sub-053_rh_volume_superiorfrontal,3,814.8916390042345
sub-053_rh_volume_superiorfrontal,4,814.7023110269498
sub-053_rh_volume_superiorfrontal,5,811.3532268620339
sub-053_rh_volume_superiorfrontal,6,812.7874124991794
sub-053_rh_volume_superiorfrontal,7,810.3502463973871
sub-053_rh_volume_superiorfrontal,8,813.3488348952862
sub-053_rh_volume_superiorfrontal,9,811.4956511168921
sub-053_rh_volume_superiorfrontal,10,812.8767705324317
sub-053_rh_volume_superiorfrontal,11,813.7521767496061
sub-053_rh_volume_superiorfrontal,12,815.9305389147846
sub-053_rh_volume_superiorfrontal,13,813.2422377642463
sub-053_rh_volume_superiorfrontal,14,812.6247891979057
sub-053_rh_volume_superiorfrontal,15,813.5166174624146
sub-053_rh_volume_superiorfrontal,16,814.0051623432577
sub-053_rh_volume_superiorfrontal,17,812.3683076746323
sub-053_rh_volume_superiorfrontal,18,812.9471276547729
sub-053_rh_volume_superiorfrontal,19,813.5592995010504
sub-053_rh_volume_superiorfrontal,20,811.8782235794708
sub-053_rh_volume_superiorfrontal,21,813.2061434192818
sub-053_rh_volume_superiorfrontal,22,811.9994886382287
sub-053_rh_volume_superiorfrontal,23,813.2613166360294
sub-053_rh_volume_superiorfrontal,24,811.6526022518383
sub-053_rh_volume_superiorfrontal,25,811.3121163504464
sub-053_rh_volume_superiorfrontal,26,816.4434963194262
sub-053_rh_volume_superiorfrontal,27,814.2578355805213
sub-053_rh_volume_superiorfrontal,28,812.1117138261554
sub-053_rh_volume_superiorfrontal,29,811.6882493475906
sub-053_rh_volume_superiorfrontal,30,813.6771840327928
sub-053_rh_volume_superiorfrontal,31,814.0395728359704
sub-053_rh_volume_superiorfrontal,32,812.743212788045
sub-053_rh_volume_superiorfrontal,33,814.166794720818
sub-053_rh_volume_superiorfrontal,34,813.5786845744157
sub-053_rh_volume_superiorfrontal,35,814.4115913455225
sub-053_rh_volume_superiorfrontal,36,810.5237160049567
sub-053_rh_volume_superiorfrontal,37,812.0775700416885
sub-053_rh_volume_superiorfrontal,38,814.01429043297
sub-053_rh_volume_superiorfrontal,39,815.1398730879071
sub-053_rh_volume_superiorfrontal,40,814.5485085880055
sub-053_rh_volume_superiorfrontal,41,812.2752926610098
sub-053_rh_volume_superiorfrontal,42,811.8304504907431
sub-053_rh_volume_superiorfrontal,43,814.2463558421415
sub-053_rh_volume_superiorfrontal,44,811.8013926273635
sub-053_lh_volume_rostralmiddlefrontal,0,803.9738159179688
sub-053_lh_volume_rostralmiddlefrontal,1,810.4678751627604
sub-053_lh_volume_rostralmiddlefrontal,2,800.5141398111979
sub-053_lh_volume_rostralmiddlefrontal,3,805.3348795572916
sub-053_lh_volume_rostralmiddlefrontal,4,805.3134765625
sub-053_lh_volume_rostralmiddlefrontal,5,806.0594889322916
sub-053_lh_volume_rostralmiddlefrontal,6,800.7904256184896
sub-053_lh_volume_rostralmiddlefrontal,7,798.939697265625
sub-053_lh_volume_rostralmiddlefrontal,8,800.0120035807291
sub-053_lh_volume_rostralmiddlefrontal,9,796.6790974934896
sub-053_lh_volume_rostralmiddlefrontal,10,802.7562459309896
sub-053_lh_volume_rostralmiddlefrontal,11,803.9563802083334
sub-053_lh_volume_rostralmiddlefrontal,12,814.74951171875
sub-053_lh_volume_rostralmiddlefrontal,13,807.9936930338541
sub-053_lh_volume_rostralmiddlefrontal,14,806.9239298502604
sub-053_lh_volume_rostralmiddlefrontal,15,812.2591349283854
sub-053_lh_volume_rostralmiddlefrontal,16,817.5603434244791
sub-053_lh_volume_rostralmiddlefrontal,17,813.1025187174479
sub-053_lh_volume_rostralmiddlefrontal,18,809.2010294596354
sub-053_lh_volume_rostralmiddlefrontal,19,806.0425821940104
sub-053_lh_volume_rostralmiddlefrontal,20,812.6566365559896
sub-053_lh_volume_rostralmiddlefrontal,21,807.9603474934896
sub-053_lh_volume_rostralmiddlefrontal,22,811.0935262044271
sub-053_lh_volume_rostralmiddlefrontal,23,814.8903401692709
sub-053_lh_volume_rostralmiddlefrontal,24,822.46044921875
sub-053_lh_volume_rostralmiddlefrontal,25,817.8364664713541
sub-053_lh_volume_rostralmiddlefrontal,26,818.4311319986979
sub-053_lh_volume_rostralmiddlefrontal,27,824.4592081705729
sub-053_lh_volume_rostralmiddlefrontal,28,816.9506429036459
sub-053_lh_volume_rostralmiddlefrontal,29,811.1929524739584
sub-053_lh_volume_rostralmiddlefrontal,30,819.0668131510416
sub-053_lh_volume_rostralmiddlefrontal,31,816.5800170898438
sub-053_lh_volume_rostralmiddlefrontal,32,818.7296142578125
sub-053_lh_volume_rostralmiddlefrontal,33,824.28662109375
sub-053_lh_volume_rostralmiddlefrontal,34,817.1130981445312
sub-053_lh_volume_rostralmiddlefrontal,35,822.1456502278646
sub-053_lh_volume_rostralmiddlefrontal,36,817.0509236653646
sub-053_lh_volume_rostralmiddlefrontal,37,821.9901529947916
sub-053_lh_volume_rostralmiddlefrontal,38,818.6337280273438
sub-053_lh_volume_rostralmiddlefrontal,39,823.4562377929688
sub-053_lh_volume_rostralmiddlefrontal,40,819.1934000651041
sub-053_lh_volume_rostralmiddlefrontal,41,821.3160400390625
sub-053_lh_volume_rostralmiddlefrontal,42,828.0604248046875
sub-053_lh_volume_rostralmiddlefrontal,43,824.7132568359375
sub-053_lh_volume_rostralmiddlefrontal,44,826.4709269205729
sub-053_lh_volume_superiorfrontal,0,820.4577714873524
sub-053_lh_volume_superiorfrontal,1,818.61641544249
sub-053_lh_volume_superiorfrontal,2,818.1738836397001
sub-053_lh_volume_superiorfrontal,3,820.015233109637
sub-053_lh_volume_superiorfrontal,4,819.6053613802281
sub-053_lh_volume_superiorfrontal,5,818.9131266276041
sub-053_lh_volume_superiorfrontal,6,818.5841622701505
sub-053_lh_volume_superiorfrontal,7,817.6764961180648
sub-053_lh_volume_superiorfrontal,8,820.6421016289936
sub-053_lh_volume_superiorfrontal,9,818.3184377778837
sub-053_lh_volume_superiorfrontal,10,820.2179451298907
sub-053_lh_volume_superiorfrontal,11,819.3658498748531
sub-053_lh_volume_superiorfrontal,12,819.4254221102086
sub-053_lh_volume_superiorfrontal,13,821.7719519390323
sub-053_lh_volume_superiorfrontal,14,818.549641678973
sub-053_lh_volume_superiorfrontal,15,818.5192547309689
sub-053_lh_volume_superiorfrontal,16,819.494379059086
sub-053_lh_volume_superiorfrontal,17,820.326946103476
sub-053_lh_volume_superiorfrontal,18,819.2785706558848
sub-053_lh_volume_superiorfrontal,19,818.6107451276081
sub-053_lh_volume_superiorfrontal,20,818.6133243591805
sub-053_lh_volume_superiorfrontal,21,820.4245751853881
sub-053_lh_volume_superiorfrontal,22,818.6877255943732
sub-053_lh_volume_superiorfrontal,23,817.1185751814184
sub-053_lh_volume_superiorfrontal,24,818.4596266087477
sub-053_lh_volume_superiorfrontal,25,818.624427671355
sub-053_lh_volume_superiorfrontal,26,820.388807591384
sub-053_lh_volume_superiorfrontal,27,820.2764450941629
sub-053_lh_volume_superiorfrontal,28,816.0290743820067
sub-053_lh_volume_superiorfrontal,29,818.2939383654091
sub-053_lh_volume_superiorfrontal,30,817.2222770752945
sub-053_lh_volume_superiorfrontal,31,819.084214621443
sub-053_lh_volume_superiorfrontal,32,818.386662615024
sub-053_lh_volume_superiorfrontal,33,818.631200526788
sub-053_lh_volume_superiorfrontal,34,820.4422124847164
sub-053_lh_volume_superiorfrontal,35,819.0290016236344
sub-053_lh_volume_superiorfrontal,36,816.6868539825688
sub-053_lh_volume_superiorfrontal,37,818.2197567079126
sub-053_lh_volume_superiorfrontal,38,820.617507996598
sub-053_lh_volume_superiorfrontal,39,819.6977119755938
sub-053_lh_volume_superiorfrontal,40,817.7976869412554
sub-053_lh_volume_superiorfrontal,41,819.4661929122801
sub-053_lh_volume_superiorfrontal,42,819.277512465066
sub-053_lh_volume_superiorfrontal,43,820.1639871984962
sub-053_lh_volume_superiorfrontal,44,818.2641983032227
sub-066_rh_volume_superiorfrontal,0,585.4420154759141
sub-066_rh_volume_superiorfrontal,1,582.3703042952741
sub-066_rh_volume_superiorfrontal,2,574.8329991825292
sub-066_rh_volume_superiorfrontal,3,578.8641720130795
sub-066_rh_volume_superiorfrontal,4,589.2404930239818
sub-066_rh_volume_superiorfrontal,5,591.9301731547371
sub-066_rh_volume_superiorfrontal,6,593.5523679139184
sub-066_rh_volume_superiorfrontal,7,586.8551290543353
sub-066_rh_volume_superiorfrontal,8,579.8076846013304
sub-066_rh_volume_superiorfrontal,9,580.7024818795626
sub-066_rh_volume_superiorfrontal,10,578.948230180584
sub-066_rh_volume_superiorfrontal,11,566.5666697767914
sub-066_rh_volume_superiorfrontal,12,567.5712953161021
sub-066_rh_volume_superiorfrontal,13,575.4630797339267
sub-066_rh_volume_superiorfrontal,14,574.7210702114418
sub-066_rh_volume_superiorfrontal,15,563.4018957419473
sub-066_rh_volume_superiorfrontal,16,560.6422863319272
sub-066_rh_volume_superiorfrontal,17,580.658432131908
sub-066_rh_volume_superiorfrontal,18,575.751925984367
sub-066_rh_volume_superiorfrontal,19,559.3977638619845
sub-066_rh_volume_superiorfrontal,20,553.183427904473
sub-066_rh_volume_superiorfrontal,21,561.1066723182553
sub-066_rh_volume_superiorfrontal,22,563.5580428076572
sub-066_rh_volume_superiorfrontal,23,561.4845028236264
sub-066_rh_volume_superiorfrontal,24,555.6751104886415
sub-066_rh_volume_superiorfrontal,25,544.5006828933466
sub-066_rh_volume_superiorfrontal,26,536.5370538430136
sub-066_rh_volume_superiorfrontal,27,542.1482992953942
sub-066_rh_volume_superiorfrontal,28,546.6014909587923
sub-066_rh_volume_superiorfrontal,29,551.1168813236425
sub-066_rh_volume_superiorfrontal,30,549.6028688774734
sub-066_rh_volume_superiorfrontal,31,548.4968807032851
sub-066_rh_volume_superiorfrontal,32,538.3399496860192
sub-066_rh_volume_superiorfrontal,33,540.4949268278529
sub-066_rh_volume_superiorfrontal,34,539.2922009327373
sub-066_rh_volume_superiorfrontal,35,548.7612814981429
sub-066_rh_volume_superiorfrontal,36,539.2927906474129
sub-066_rh_volume_superiorfrontal,37,530.8549315655818
sub-066_rh_volume_superiorfrontal,38,534.8902509095238
sub-066_rh_volume_superiorfrontal,39,530.0646775042425
sub-066_rh_volume_superiorfrontal,40,532.2219772338867
sub-066_rh_volume_superiorfrontal,41,535.406036126809
sub-066_rh_volume_superiorfrontal,42,532.8016949012631
sub-066_rh_volume_superiorfrontal,43,535.6806453016937
sub-066_rh_volume_superiorfrontal,44,540.8714632128106
sub-066_lh_volume_rostralmiddlefrontal,0,581.9158016251929
sub-066_lh_volume_rostralmiddlefrontal,1,586.8553014684607
sub-066_lh_volume_rostralmiddlefrontal,2,588.4049369906202
sub-066_lh_volume_rostralmiddlefrontal,3,586.8703357084298
sub-066_lh_volume_rostralmiddlefrontal,4,592.2031415774499
sub-066_lh_volume_rostralmiddlefrontal,5,594.651217236931
sub-066_lh_volume_rostralmiddlefrontal,6,593.6443556797358
sub-066_lh_volume_rostralmiddlefrontal,7,591.3847384982639
sub-066_lh_volume_rostralmiddlefrontal,8,593.5548502604166
sub-066_lh_volume_rostralmiddlefrontal,9,590.8501933533469
sub-066_lh_volume_rostralmiddlefrontal,10,587.5609933358652
sub-066_lh_volume_rostralmiddlefrontal,11,586.3713198061342
sub-066_lh_volume_rostralmiddlefrontal,12,587.4271941008391
sub-066_lh_volume_rostralmiddlefrontal,13,585.6974310227382
sub-066_lh_volume_rostralmiddlefrontal,14,580.5800623010706
sub-066_lh_volume_rostralmiddlefrontal,15,580.0444155092592
sub-066_lh_volume_rostralmiddlefrontal,16,581.851619767554
sub-066_lh_volume_rostralmiddlefrontal,17,585.2790338963638
sub-066_lh_volume_rostralmiddlefrontal,18,585.1909741060233
sub-066_lh_volume_rostralmiddlefrontal,19,575.1378068335263
sub-066_lh_volume_rostralmiddlefrontal,20,577.7089855052807
sub-066_lh_volume_rostralmiddlefrontal,21,581.8021997522425
sub-066_lh_volume_rostralmiddlefrontal,22,581.3042308666088
sub-066_lh_volume_rostralmiddlefrontal,23,581.5994891884886
sub-066_lh_volume_rostralmiddlefrontal,24,580.0738190074026
sub-066_lh_volume_rostralmiddlefrontal,25,581.4496976122444
sub-066_lh_volume_rostralmiddlefrontal,26,575.5087555308401
sub-066_lh_volume_rostralmiddlefrontal,27,579.1330125596788
sub-066_lh_volume_rostralmiddlefrontal,28,578.376131410952
sub-066_lh_volume_rostralmiddlefrontal,29,584.2379926516686
sub-066_lh_volume_rostralmiddlefrontal,30,583.0318158938561
sub-066_lh_volume_rostralmiddlefrontal,31,578.0295003255209
sub-066_lh_volume_rostralmiddlefrontal,32,570.5779449086131
sub-066_lh_volume_rostralmiddlefrontal,33,569.4261534891011
sub-066_lh_volume_rostralmiddlefrontal,34,565.2401691954813
sub-066_lh_volume_rostralmiddlefrontal,35,565.6299751187548
sub-066_lh_volume_rostralmiddlefrontal,36,566.934504756221
sub-066_lh_volume_rostralmiddlefrontal,37,564.4841591163918
sub-066_lh_volume_rostralmiddlefrontal,38,566.5800796320409
sub-066_lh_volume_rostralmiddlefrontal,39,565.0265600887345
sub-066_lh_volume_rostralmiddlefrontal,40,568.1257870521074
sub-066_lh_volume_rostralmiddlefrontal,41,568.9017974476756
sub-066_lh_volume_rostralmiddlefrontal,42,569.6062776542004
sub-066_lh_volume_rostralmiddlefrontal,43,567.6085114655672
sub-066_lh_volume_rostralmiddlefrontal,44,569.0779283311632
sub-066_lh_volume_superiorfrontal,0,559.5406805605603
sub-066_lh_volume_superiorfrontal,1,551.0257443473898
sub-066_lh_volume_superiorfrontal,2,542.6470950559966
sub-066_lh_volume_superiorfrontal,3,552.9290465410137
sub-066_lh_volume_superiorfrontal,4,559.8931037221503
sub-066_lh_volume_superiorfrontal,5,555.0008491313961
sub-066_lh_volume_superiorfrontal,6,558.3639276895719
sub-066_lh_volume_superiorfrontal,7,553.5063272313351
sub-066_lh_volume_superiorfrontal,8,546.8129524627775
sub-066_lh_volume_superiorfrontal,9,541.6476219708833
sub-066_lh_volume_superiorfrontal,10,541.4461240160102
sub-066_lh_volume_superiorfrontal,11,532.3483594121362
sub-066_lh_volume_superiorfrontal,12,531.022063430322
sub-066_lh_volume_superiorfrontal,13,537.901629117567
sub-066_lh_volume_superiorfrontal,14,537.0004566855239
sub-066_lh_volume_superiorfrontal,15,529.1724202134542
sub-066_lh_volume_superiorfrontal,16,527.2524528765467
sub-066_lh_volume_superiorfrontal,17,540.7022318442273
sub-066_lh_volume_superiorfrontal,18,537.9726494217293
sub-066_lh_volume_superiorfrontal,19,527.366455617199
sub-066_lh_volume_superiorfrontal,20,521.8076355759131
sub-066_lh_volume_superiorfrontal,21,530.3652585734329
sub-066_lh_volume_superiorfrontal,22,533.8039992222959
sub-066_lh_volume_superiorfrontal,23,536.6152808551583
sub-066_lh_volume_superiorfrontal,24,538.6065513603353
sub-066_lh_volume_superiorfrontal,25,523.9478781328585
sub-066_lh_volume_superiorfrontal,26,524.4690133675977
sub-066_lh_volume_superiorfrontal,27,525.1891207259818
sub-066_lh_volume_superiorfrontal,28,532.9087834082127
sub-066_lh_volume_superiorfrontal,29,533.9691723045821
sub-066_lh_volume_superiorfrontal,30,541.0513262538143
sub-066_lh_volume_superiorfrontal,31,538.8254363384752
sub-066_lh_volume_superiorfrontal,32,536.3237571828615
sub-066_lh_volume_superiorfrontal,33,529.9090849901673
sub-066_lh_volume_superiorfrontal,34,519.8195186835861
sub-066_lh_volume_superiorfrontal,35,533.5078498458488
sub-066_lh_volume_superiorfrontal,36,529.1201627093045
sub-066_lh_volume_superiorfrontal,37,518.4884946035098
sub-066_lh_volume_superiorfrontal,38,521.9236774238684
sub-066_lh_volume_superiorfrontal,39,521.9686215805937
sub-066_lh_volume_superiorfrontal,40,515.0773620605469
sub-066_lh_volume_superiorfrontal,41,518.6425422466305
sub-066_lh_volume_superiorfrontal,42,517.214295901073
sub-066_lh_volume_superiorfrontal,43,523.1930179015694
sub-066_lh_volume_superiorfrontal,44,526.5186247072229
sub-081_rh_volume_superiorfrontal,0,688.4366149902344
sub-081_rh_volume_superiorfrontal,1,683.1681518554688
sub-081_rh_volume_superiorfrontal,2,674.1460571289062
sub-081_rh_volume_superiorfrontal,3,674.5668334960938
sub-081_rh_volume_superiorfrontal,4,659.6327514648438
sub-081_rh_volume_superiorfrontal,5,656.2572326660156
sub-081_rh_volume_superiorfrontal,6,648.6668090820312
sub-081_rh_volume_superiorfrontal,7,655.3016357421875
sub-081_rh_volume_superiorfrontal,8,663.0239868164062
sub-081_rh_volume_superiorfrontal,9,659.227783203125
sub-081_rh_volume_superiorfrontal,10,662.3515319824219
sub-081_rh_volume_superiorfrontal,11,665.1031494140625
sub-081_rh_volume_superiorfrontal,12,657.9153137207031
sub-081_rh_volume_superiorfrontal,13,662.1480102539062
sub-081_rh_volume_superiorfrontal,14,660.8046264648438
sub-081_rh_volume_superiorfrontal,15,661.7960510253906
sub-081_rh_volume_superiorfrontal,16,658.8680114746094
sub-081_rh_volume_superiorfrontal,17,654.5929260253906
sub-081_rh_volume_superiorfrontal,18,659.565673828125
sub-081_rh_volume_superiorfrontal,19,659.2203369140625
sub-081_rh_volume_superiorfrontal,20,648.3295593261719
sub-081_rh_volume_superiorfrontal,21,648.0223999023438
sub-081_rh_volume_superiorfrontal,22,647.9704284667969
sub-081_rh_volume_superiorfrontal,23,645.5236206054688
sub-081_rh_volume_superiorfrontal,24,649.8064270019531
sub-081_rh_volume_superiorfrontal,25,654.60205078125
sub-081_rh_volume_superiorfrontal,26,659.0015258789062
sub-081_rh_volume_superiorfrontal,27,664.6869506835938
sub-081_rh_volume_superiorfrontal,28,680.83984375
sub-081_rh_volume_superiorfrontal,29,666.1307678222656
sub-081_rh_volume_superiorfrontal,30,651.5392761230469
sub-081_rh_volume_superiorfrontal,31,656.0969543457031
sub-081_rh_volume_superiorfrontal,32,645.238525390625
sub-081_rh_volume_superiorfrontal,33,652.09814453125
sub-081_rh_volume_superiorfrontal,34,654.0564270019531
sub-081_rh_volume_superiorfrontal,35,649.5042724609375
sub-081_rh_volume_superiorfrontal,36,662.796142578125
sub-081_rh_volume_superiorfrontal,37,665.9243774414062
sub-081_rh_volume_superiorfrontal,38,670.5621643066406
sub-081_rh_volume_superiorfrontal,39,660.6604309082031
sub-081_rh_volume_superiorfrontal,40,654.4309692382812
sub-081_rh_volume_superiorfrontal,41,659.5202331542969
sub-081_rh_volume_superiorfrontal,42,651.51904296875
sub-081_rh_volume_superiorfrontal,43,643.0504150390625
sub-081_rh_volume_superiorfrontal,44,645.0999450683594
sub-081_lh_volume_rostralmiddlefrontal,0,580.3783386570498
sub-081_lh_volume_rostralmiddlefrontal,1,578.9538735732394
sub-081_lh_volume_rostralmiddlefrontal,2,574.4338161287866
sub-081_lh_volume_rostralmiddlefrontal,3,576.1546413240991
sub-081_lh_volume_rostralmiddlefrontal,4,574.2047476170787
sub-081_lh_volume_rostralmiddlefrontal,5,566.441744578582
sub-081_lh_volume_rostralmiddlefrontal,6,570.6698240317342
sub-081_lh_volume_rostralmiddlefrontal,7,573.4845864128602
sub-081_lh_volume_rostralmiddlefrontal,8,572.4033116417675
sub-081_lh_volume_rostralmiddlefrontal,9,575.925966820677
sub-081_lh_volume_rostralmiddlefrontal,10,575.699810569997
sub-081_lh_volume_rostralmiddlefrontal,11,576.6117747527311
sub-081_lh_volume_rostralmiddlefrontal,12,576.8371365262938
sub-081_lh_volume_rostralmiddlefrontal,13,576.8938094540226
sub-081_lh_volume_rostralmiddlefrontal,14,579.2630281156152
sub-081_lh_volume_rostralmiddlefrontal,15,573.1066212773655
sub-081_lh_volume_rostralmiddlefrontal,16,571.4666106242655
sub-081_lh_volume_rostralmiddlefrontal,17,572.4727013038062
sub-081_lh_volume_rostralmiddlefrontal,18,571.6988018747824
sub-081_lh_volume_rostralmiddlefrontal,19,575.8693443872138
sub-081_lh_volume_rostralmiddlefrontal,20,574.667532493145
sub-081_lh_volume_rostralmiddlefrontal,21,573.8744449881126
sub-081_lh_volume_rostralmiddlefrontal,22,570.3998740363586
sub-081_lh_volume_rostralmiddlefrontal,23,569.1511632552719
sub-081_lh_volume_rostralmiddlefrontal,24,575.0044366098048
sub-081_lh_volume_rostralmiddlefrontal,25,574.440990139847
sub-081_lh_volume_rostralmiddlefrontal,26,572.8927709212875
sub-081_lh_volume_rostralmiddlefrontal,27,577.6383867609136
sub-081_lh_volume_rostralmiddlefrontal,28,574.6020085326809
sub-081_lh_volume_rostralmiddlefrontal,29,572.0214989962352
sub-081_lh_volume_rostralmiddlefrontal,30,570.2421797643465
sub-081_lh_volume_rostralmiddlefrontal,31,571.3915142601247
sub-081_lh_volume_rostralmiddlefrontal,32,572.179135973407
sub-081_lh_volume_rostralmiddlefrontal,33,571.6276148209
sub-081_lh_volume_rostralmiddlefrontal,34,567.0502138270641
sub-081_lh_volume_rostralmiddlefrontal,35,573.4581440790118
sub-081_lh_volume_rostralmiddlefrontal,36,572.8706688841073
sub-081_lh_volume_rostralmiddlefrontal,37,576.2388555585176
sub-081_lh_volume_rostralmiddlefrontal,38,567.1179268924639
sub-081_lh_volume_rostralmiddlefrontal,39,570.1653915872813
sub-081_lh_volume_rostralmiddlefrontal,40,569.5453805737509
sub-081_lh_volume_rostralmiddlefrontal,41,567.6717404336318
sub-081_lh_volume_rostralmiddlefrontal,42,571.9305854308571
sub-081_lh_volume_rostralmiddlefrontal,43,568.399316559263
sub-081_lh_volume_rostralmiddlefrontal,44,570.8172456959164
sub-081_lh_volume_superiorfrontal,0,659.393798828125
sub-081_lh_volume_superiorfrontal,1,662.2171630859375
sub-081_lh_volume_superiorfrontal,2,655.15478515625
sub-081_lh_volume_superiorfrontal,3,660.5651245117188
sub-081_lh_volume_superiorfrontal,4,656.230712890625
sub-081_lh_volume_superiorfrontal,5,660.5863647460938
sub-081_lh_volume_superiorfrontal,6,655.410400390625
sub-081_lh_volume_superiorfrontal,7,656.7628784179688
sub-081_lh_volume_superiorfrontal,8,656.2849731445312
sub-081_lh_volume_superiorfrontal,9,655.1409301757812
sub-081_lh_volume_superiorfrontal,10,656.6834106445312
sub-081_lh_volume_superiorfrontal,11,655.7738647460938
sub-081_lh_volume_superiorfrontal,12,659.633544921875
sub-081_lh_volume_superiorfrontal,13,656.9542236328125
sub-081_lh_volume_superiorfrontal,14,658.936279296875
sub-081_lh_volume_superiorfrontal,15,660.01513671875
sub-081_lh_volume_superiorfrontal,16,654.3873291015625
sub-081_lh_volume_superiorfrontal,17,659.4102783203125
sub-081_lh_volume_superiorfrontal,18,659.6724853515625
sub-081_lh_volume_superiorfrontal,19,665.8026123046875
sub-081_lh_volume_superiorfrontal,20,654.8819580078125
sub-081_lh_volume_superiorfrontal,21,652.8688354492188
sub-081_lh_volume_superiorfrontal,22,656.0090942382812
sub-081_lh_volume_superiorfrontal,23,651.087646484375
sub-081_lh_volume_superiorfrontal,24,657.0711669921875
sub-081_lh_volume_superiorfrontal,25,658.6435546875
sub-081_lh_volume_superiorfrontal,26,654.098388671875
sub-081_lh_volume_superiorfrontal,27,657.3456420898438
sub-081_lh_volume_superiorfrontal,28,658.3881225585938
sub-081_lh_volume_superiorfrontal,29,657.757568359375
sub-081_lh_volume_superiorfrontal,30,657.9480590820312
sub-081_lh_volume_superiorfrontal,31,657.2653198242188
sub-081_lh_volume_superiorfrontal,32,654.4539794921875
sub-081_lh_volume_superiorfrontal,33,657.2787475585938
sub-081_lh_volume_superiorfrontal,34,661.33837890625
sub-081_lh_volume_superiorfrontal,35,661.1796875
sub-081_lh_volume_superiorfrontal,36,653.5496826171875
sub-081_lh_volume_superiorfrontal,37,661.027587890625
sub-081_lh_volume_superiorfrontal,38,653.7945556640625
sub-081_lh_volume_superiorfrontal,39,657.6557006835938
sub-081_lh_volume_superiorfrontal,40,653.79833984375
sub-081_lh_volume_superiorfrontal,41,655.9288330078125
sub-081_lh_volume_superiorfrontal,42,653.6887817382812
sub-081_lh_volume_superiorfrontal,43,661.692626953125
sub-081_lh_volume_superiorfrontal,44,654.450439453125
sub-083_rh_volume_superiorfrontal,0,747.8309438420438
sub-083_rh_volume_superiorfrontal,1,748.1219643779185
sub-083_rh_volume_superiorfrontal,2,748.241086762527
sub-083_rh_volume_superiorfrontal,3,745.4916557224318
sub-083_rh_volume_superiorfrontal,4,743.538257116559
sub-083_rh_volume_superiorfrontal,5,745.4059918283046
sub-083_rh_volume_superiorfrontal,6,746.3725108881106
sub-083_rh_volume_superiorfrontal,7,747.3174073668732
sub-083_rh_volume_superiorfrontal,8,745.1575878625629
sub-083_rh_volume_superiorfrontal,9,744.5910055226293
sub-083_rh_volume_superiorfrontal,10,741.8867966224408
sub-083_rh_volume_superiorfrontal,11,742.7354546908674
sub-083_rh_volume_superiorfrontal,12,745.7980697456447
sub-083_rh_volume_superiorfrontal,13,743.5421802038434
sub-083_rh_volume_superiorfrontal,14,745.5467431079383
sub-083_rh_volume_superiorfrontal,15,748.1452868231412
sub-083_rh_volume_superiorfrontal,16,747.4119297772988
sub-083_rh_volume_superiorfrontal,17,747.6996158292924
sub-083_rh_volume_superiorfrontal,18,749.7422976439027
sub-083_rh_volume_superiorfrontal,19,748.0759403623383
sub-083_rh_volume_superiorfrontal,20,748.6624854076867
sub-083_rh_volume_superiorfrontal,21,747.2069589899875
sub-083_rh_volume_superiorfrontal,22,746.8905408135776
sub-083_rh_volume_superiorfrontal,23,748.1227795831088
sub-083_rh_volume_superiorfrontal,24,748.937866912491
sub-083_rh_volume_superiorfrontal,25,750.9445856905531
sub-083_rh_volume_superiorfrontal,26,749.230310900458
sub-083_rh_volume_superiorfrontal,27,747.974607971893
sub-083_rh_volume_superiorfrontal,28,748.7660978470725
sub-083_rh_volume_superiorfrontal,29,745.7551886898348
sub-083_rh_volume_superiorfrontal,30,743.0092310412176
sub-083_rh_volume_superiorfrontal,31,746.3152809581537
sub-083_rh_volume_superiorfrontal,32,745.9708967537715
sub-083_rh_volume_superiorfrontal,33,745.6776361575072
sub-083_rh_volume_superiorfrontal,34,745.2509435894846
sub-083_rh_volume_superiorfrontal,35,746.1248042665679
sub-083_rh_volume_superiorfrontal,36,747.0747505275682
sub-083_rh_volume_superiorfrontal,37,746.981462851338
sub-083_rh_volume_superiorfrontal,38,747.1536282944953
sub-083_rh_volume_superiorfrontal,39,749.3475804822199
sub-083_rh_volume_superiorfrontal,40,747.0374194616559
sub-083_rh_volume_superiorfrontal,41,748.6941184559088
sub-083_rh_volume_superiorfrontal,42,750.9943405677533
sub-083_rh_volume_superiorfrontal,43,748.1324329595457
sub-083_rh_volume_superiorfrontal,44,747.044973088407
sub-083_lh_volume_rostralmiddlefrontal,0,712.8326438903808
sub-083_lh_volume_rostralmiddlefrontal,1,712.8936538696289
sub-083_lh_volume_rostralmiddlefrontal,2,694.4094131469726
sub-083_lh_volume_rostralmiddlefrontal,3,695.3780166625977
sub-083_lh_volume_rostralmiddlefrontal,4,691.3241416931153
sub-083_lh_volume_rostralmiddlefrontal,5,661.367509841919
sub-083_lh_volume_rostralmiddlefrontal,6,668.4157848358154
sub-083_lh_volume_rostralmiddlefrontal,7,687.7530990600586
sub-083_lh_volume_rostralmiddlefrontal,8,663.5178405761719
sub-083_lh_volume_rostralmiddlefrontal,9,649.0862056732178
sub-083_lh_volume_rostralmiddlefrontal,10,638.1170150756836
sub-083_lh_volume_rostralmiddlefrontal,11,641.7641704559326
sub-083_lh_volume_rostralmiddlefrontal,12,647.9961414337158
sub-083_lh_volume_rostralmiddlefrontal,13,640.3097537994385
sub-083_lh_volume_rostralmiddlefrontal,14,652.8965278625489
sub-083_lh_volume_rostralmiddlefrontal,15,670.8119579315186
sub-083_lh_volume_rostralmiddlefrontal,16,670.4760536193847
sub-083_lh_volume_rostralmiddlefrontal,17,669.0811897277832
sub-083_lh_volume_rostralmiddlefrontal,18,670.6378574371338
sub-083_lh_volume_rostralmiddlefrontal,19,678.2606834411621
sub-083_lh_volume_rostralmiddlefrontal,20,671.975361251831
sub-083_lh_volume_rostralmiddlefrontal,21,673.6163398742676
sub-083_lh_volume_rostralmiddlefrontal,22,678.6084327697754
sub-083_lh_volume_rostralmiddlefrontal,23,675.5141788482666
sub-083_lh_volume_rostralmiddlefrontal,24,673.9492504119874
sub-083_lh_volume_rostralmiddlefrontal,25,645.2978656768798
sub-083_lh_volume_rostralmiddlefrontal,26,666.4939590454102
sub-083_lh_volume_rostralmiddlefrontal,27,682.9984657287598
sub-083_lh_volume_rostralmiddlefrontal,28,700.1987922668457
sub-083_lh_volume_rostralmiddlefrontal,29,681.094743347168
sub-083_lh_volume_rostralmiddlefrontal,30,666.0582572937012
sub-083_lh_volume_rostralmiddlefrontal,31,664.3784927368164
sub-083_lh_volume_rostralmiddlefrontal,32,681.6577171325683
sub-083_lh_volume_rostralmiddlefrontal,33,672.3169227600098
sub-083_lh_volume_rostralmiddlefrontal,34,661.3535060882568
sub-083_lh_volume_rostralmiddlefrontal,35,662.9584949493408
sub-083_lh_volume_rostralmiddlefrontal,36,676.3443687438964
sub-083_lh_volume_rostralmiddlefrontal,37,689.2983711242675
sub-083_lh_volume_rostralmiddlefrontal,38,699.8747978210449
sub-083_lh_volume_rostralmiddlefrontal,39,694.6659378051758
sub-083_lh_volume_rostralmiddlefrontal,40,695.7175559997559
sub-083_lh_volume_rostralmiddlefrontal,41,694.0071647644043
sub-083_lh_volume_rostralmiddlefrontal,42,689.8228149414062
sub-083_lh_volume_rostralmiddlefrontal,43,692.9284828186035
sub-083_lh_volume_rostralmiddlefrontal,44,692.3625625610351
sub-083_lh_volume_superiorfrontal,0,747.8561681798986
sub-083_lh_volume_superiorfrontal,1,746.2717126794763
sub-083_lh_volume_superiorfrontal,2,746.8202389278928
sub-083_lh_volume_superiorfrontal,3,744.6088078679265
sub-083_lh_volume_superiorfrontal,4,743.5479566419447
sub-083_lh_volume_superiorfrontal,5,746.563998330606
sub-083_lh_volume_superiorfrontal,6,744.22705078125
sub-083_lh_volume_superiorfrontal,7,746.4000217747044
sub-083_lh_volume_superiorfrontal,8,745.0108043773754
sub-083_lh_volume_superiorfrontal,9,745.0920179212416
sub-083_lh_volume_superiorfrontal,10,743.4765301678632
sub-083_lh_volume_superiorfrontal,11,745.1101270521009
sub-083_lh_volume_superiorfrontal,12,746.2467791583088
sub-083_lh_volume_superiorfrontal,13,743.5975074561867
sub-083_lh_volume_superiorfrontal,14,745.1661205394848
sub-083_lh_volume_superiorfrontal,15,746.6507357210726
sub-083_lh_volume_superiorfrontal,16,746.5289765229096
sub-083_lh_volume_superiorfrontal,17,744.4069662558065
sub-083_lh_volume_superiorfrontal,18,747.1055982435072
sub-083_lh_volume_superiorfrontal,19,746.0716904098923
sub-083_lh_volume_superiorfrontal,20,745.0052726127005
sub-083_lh_volume_superiorfrontal,21,744.0594246529245
sub-083_lh_volume_superiorfrontal,22,744.1563700907939
sub-083_lh_volume_superiorfrontal,23,745.8700101285367
sub-083_lh_volume_superiorfrontal,24,744.5539262101457
sub-083_lh_volume_superiorfrontal,25,745.6266289788324
sub-083_lh_volume_superiorfrontal,26,743.5899334881757
sub-083_lh_volume_superiorfrontal,27,744.7735798603779
sub-083_lh_volume_superiorfrontal,28,747.8488470953864
sub-083_lh_volume_superiorfrontal,29,745.1734525113493
sub-083_lh_volume_superiorfrontal,30,744.5268002071896
sub-083_lh_volume_superiorfrontal,31,745.9531927985114
sub-083_lh_volume_superiorfrontal,32,745.2332390862542
sub-083_lh_volume_superiorfrontal,33,744.6317234348606
sub-083_lh_volume_superiorfrontal,34,744.9954372096706
sub-083_lh_volume_superiorfrontal,35,744.8091857910156
sub-083_lh_volume_superiorfrontal,36,746.0199657543285
sub-083_lh_volume_superiorfrontal,37,744.0524593868771
sub-083_lh_volume_superiorfrontal,38,744.2585891311234
sub-083_lh_volume_superiorfrontal,39,745.553637035473
sub-083_lh_volume_superiorfrontal,40,745.4861085633974
sub-083_lh_volume_superiorfrontal,41,744.4679393871411
sub-083_lh_volume_superiorfrontal,42,746.95837055928
sub-083_lh_volume_superiorfrontal,43,745.6253257957665
sub-083_lh_volume_superiorfrontal,44,745.5943425358953
sub-085_rh_volume_superiorfrontal,0,572.900889078776
sub-085_rh_volume_superiorfrontal,1,573.2398295084636
sub-085_rh_volume_superiorfrontal,2,559.1396321614583
sub-085_rh_volume_superiorfrontal,3,560.8051737467448
sub-085_rh_volume_superiorfrontal,4,560.9284647623698
sub-085_rh_volume_superiorfrontal,5,562.2888041178386
sub-085_rh_volume_superiorfrontal,6,558.2168721516927
sub-085_rh_volume_superiorfrontal,7,560.4537943522135
sub-085_rh_volume_superiorfrontal,8,584.3775207519532
sub-085_rh_volume_superiorfrontal,9,563.1281656901042
sub-085_rh_volume_superiorfrontal,10,568.5260843912761
sub-085_rh_volume_superiorfrontal,11,560.3263854980469
sub-085_rh_volume_superiorfrontal,12,567.8922770182292
sub-085_rh_volume_superiorfrontal,13,564.066737874349
sub-085_rh_volume_superiorfrontal,14,576.7273885091146
sub-085_rh_volume_superiorfrontal,15,566.2010904947916
sub-085_rh_volume_superiorfrontal,16,571.828114827474
sub-085_rh_volume_superiorfrontal,17,573.9102620442708
sub-085_rh_volume_superiorfrontal,18,580.9058756510417
sub-085_rh_volume_superiorfrontal,19,573.7497355143229
sub-085_rh_volume_superiorfrontal,20,560.670351155599
sub-085_rh_volume_superiorfrontal,21,567.5421122233073
sub-085_rh_volume_superiorfrontal,22,564.6462259928386
sub-085_rh_volume_superiorfrontal,23,571.4157287597657
sub-085_rh_volume_superiorfrontal,24,577.7279093424479
sub-085_rh_volume_superiorfrontal,25,580.0738098144532
sub-085_rh_volume_superiorfrontal,26,572.545664469401
sub-085_rh_volume_superiorfrontal,27,563.7517923990886
sub-085_rh_volume_superiorfrontal,28,553.8323384602865
sub-085_rh_volume_superiorfrontal,29,547.3299641927083
sub-085_rh_volume_superiorfrontal,30,542.0589721679687
sub-085_rh_volume_superiorfrontal,31,547.8341715494792
sub-085_rh_volume_superiorfrontal,32,552.162353515625
sub-085_rh_volume_superiorfrontal,33,576.2834981282552
sub-085_rh_volume_superiorfrontal,34,567.5679382324219
sub-085_rh_volume_superiorfrontal,35,568.992246500651
sub-085_rh_volume_superiorfrontal,36,558.0783996582031
sub-085_rh_volume_superiorfrontal,37,559.5142211914062
sub-085_rh_volume_superiorfrontal,38,547.7437032063802
sub-085_rh_volume_superiorfrontal,39,559.3158793131511
sub-085_rh_volume_superiorfrontal,40,551.6104227701823
sub-085_rh_volume_superiorfrontal,41,569.0792154947917
sub-085_rh_volume_superiorfrontal,42,569.8217956542969
sub-085_rh_volume_superiorfrontal,43,569.7449910481771
sub-085_rh_volume_superiorfrontal,44,574.6027303059896
sub-085_lh_volume_rostralmiddlefrontal,0,651.7728772163391
sub-085_lh_volume_rostralmiddlefrontal,1,658.861741065979
sub-085_lh_volume_rostralmiddlefrontal,2,634.5417394638062
sub-085_lh_volume_rostralmiddlefrontal,3,644.0531234741211
sub-085_lh_volume_rostralmiddlefrontal,4,643.0717206001282
sub-085_lh_volume_rostralmiddlefrontal,5,642.0821084976196
sub-085_lh_volume_rostralmiddlefrontal,6,637.550754070282
sub-085_lh_volume_rostralmiddlefrontal,7,635.735583782196
sub-085_lh_volume_rostralmiddlefrontal,8,682.1482839584351
sub-085_lh_volume_rostralmiddlefrontal,9,666.3440375328064
sub-085_lh_volume_rostralmiddlefrontal,10,682.8905448913574
sub-085_lh_volume_rostralmiddlefrontal,11,653.9373435974121
sub-085_lh_volume_rostralmiddlefrontal,12,657.8545165061951
sub-085_lh_volume_rostralmiddlefrontal,13,646.9461636543274
sub-085_lh_volume_rostralmiddlefrontal,14,643.120044708252
sub-085_lh_volume_rostralmiddlefrontal,15,643.9897313117981
sub-085_lh_volume_rostralmiddlefrontal,16,646.4004802703857
sub-085_lh_volume_rostralmiddlefrontal,17,659.4901657104492
sub-085_lh_volume_rostralmiddlefrontal,18,670.572865486145
sub-085_lh_volume_rostralmiddlefrontal,19,668.1538972854614
sub-085_lh_volume_rostralmiddlefrontal,20,658.9247493743896
sub-085_lh_volume_rostralmiddlefrontal,21,654.7253594398499
sub-085_lh_volume_rostralmiddlefrontal,22,654.8430652618408
sub-085_lh_volume_rostralmiddlefrontal,23,657.2851939201355
sub-085_lh_volume_rostralmiddlefrontal,24,660.9278702735901
sub-085_lh_volume_rostralmiddlefrontal,25,654.0025405883789
sub-085_lh_volume_rostralmiddlefrontal,26,653.2198300361633
sub-085_lh_volume_rostralmiddlefrontal,27,647.5209727287292
sub-085_lh_volume_rostralmiddlefrontal,28,644.1512413024902
sub-085_lh_volume_rostralmiddlefrontal,29,637.8516073226929
sub-085_lh_volume_rostralmiddlefrontal,30,640.579149723053
sub-085_lh_volume_rostralmiddlefrontal,31,654.5094356536865
sub-085_lh_volume_rostralmiddlefrontal,32,653.0785779953003
sub-085_lh_volume_rostralmiddlefrontal,33,664.1296763420105
sub-085_lh_volume_rostralmiddlefrontal,34,660.1244039535522
sub-085_lh_volume_rostralmiddlefrontal,35,651.8279886245728
sub-085_lh_volume_rostralmiddlefrontal,36,642.8304748535156
sub-085_lh_volume_rostralmiddlefrontal,37,643.5124139785767
sub-085_lh_volume_rostralmiddlefrontal,38,642.139585018158
sub-085_lh_volume_rostralmiddlefrontal,39,648.1303935050964
sub-085_lh_volume_rostralmiddlefrontal,40,652.9171557426453
sub-085_lh_volume_rostralmiddlefrontal,41,660.4927892684937
sub-085_lh_volume_rostralmiddlefrontal,42,647.490957736969
sub-085_lh_volume_rostralmiddlefrontal,43,645.3027868270874
sub-085_lh_volume_rostralmiddlefrontal,44,653.6029577255249
sub-085_lh_volume_superiorfrontal,0,683.0190802680122
sub-085_lh_volume_superiorfrontal,1,682.5522630479601
sub-085_lh_volume_superiorfrontal,2,681.4189241197374
sub-085_lh_volume_superiorfrontal,3,680.086306254069
sub-085_lh_volume_superiorfrontal,4,676.541387769911
sub-085_lh_volume_superiorfrontal,5,678.6308661566841
sub-085_lh_volume_superiorfrontal,6,684.4388656616211
sub-085_lh_volume_superiorfrontal,7,684.0591735839844
sub-085_lh_volume_superiorfrontal,8,685.707275390625
sub-085_lh_volume_superiorfrontal,9,685.2735375298394
sub-085_lh_volume_superiorfrontal,10,678.3429099188911
sub-085_lh_volume_superiorfrontal,11,680.6012810601128
sub-085_lh_volume_superiorfrontal,12,680.7831980387369
sub-085_lh_volume_superiorfrontal,13,672.7593375311958
sub-085_lh_volume_superiorfrontal,14,673.3883056640625
sub-085_lh_volume_superiorfrontal,15,672.4256117078993
sub-085_lh_volume_superiorfrontal,16,682.0951885647244
sub-085_lh_volume_superiorfrontal,17,682.4267705281576
sub-085_lh_volume_superiorfrontal,18,677.8751686943901
sub-085_lh_volume_superiorfrontal,19,681.0119128757053
sub-085_lh_volume_superiorfrontal,20,673.8996624416775
sub-085_lh_volume_superiorfrontal,21,676.028192308214
sub-085_lh_volume_superiorfrontal,22,683.998055352105
sub-085_lh_volume_superiorfrontal,23,675.4623370700413
sub-085_lh_volume_superiorfrontal,24,676.8817935519749
sub-085_lh_volume_superiorfrontal,25,673.4717483520508
sub-085_lh_volume_superiorfrontal,26,677.1660342746311
sub-085_lh_volume_superiorfrontal,27,670.0281083848741
sub-085_lh_volume_superiorfrontal,28,670.7986797756619
sub-085_lh_volume_superiorfrontal,29,673.162969801161
sub-085_lh_volume_superiorfrontal,30,669.9747984144423
sub-085_lh_volume_superiorfrontal,31,680.5188657972548
sub-085_lh_volume_superiorfrontal,32,686.073009914822
sub-085_lh_volume_superiorfrontal,33,667.7997114393446
sub-085_lh_volume_superiorfrontal,34,670.3857642279731
sub-085_lh_volume_superiorfrontal,35,670.3181830512153
sub-085_lh_volume_superiorfrontal,36,670.2744199964735
sub-085_lh_volume_superiorfrontal,37,668.8706453111437
sub-085_lh_volume_superiorfrontal,38,668.8594258626302
sub-085_lh_volume_superiorfrontal,39,665.7446882459852
sub-085_lh_volume_superiorfrontal,40,671.4207119411892
sub-085_lh_volume_superiorfrontal,41,671.0981614854601
sub-085_lh_volume_superiorfrontal,42,668.3905902438694
sub-085_lh_volume_superiorfrontal,43,668.6388456556532
sub-085_lh_volume_superiorfrontal,44,673.3355992635092
sub-098_rh_volume_superiorfrontal,0,773.1983590853416
sub-098_rh_volume_superiorfrontal,1,772.3957333322298
sub-098_rh_volume_superiorfrontal,2,773.9339682368909
sub-098_rh_volume_superiorfrontal,3,774.6616428181277
sub-098_rh_volume_superiorfrontal,4,772.5395342293432
sub-098_rh_volume_superiorfrontal,5,774.1825437384136
sub-098_rh_volume_superiorfrontal,6,772.789342847921
sub-098_rh_volume_superiorfrontal,7,771.6636093915519
sub-098_rh_volume_superiorfrontal,8,774.0471098301774
sub-098_rh_volume_superiorfrontal,9,774.0115904727224
sub-098_rh_volume_superiorfrontal,10,773.8516721563824
sub-098_rh_volume_superiorfrontal,11,775.251572431144
sub-098_rh_volume_superiorfrontal,12,776.2264745679952
sub-098_rh_volume_superiorfrontal,13,773.6768074682203
sub-098_rh_volume_superiorfrontal,14,775.5682714429952
sub-098_rh_volume_superiorfrontal,15,775.6310911016949
sub-098_rh_volume_superiorfrontal,16,772.7003215207892
sub-098_rh_volume_superiorfrontal,17,774.8276274083024
sub-098_rh_volume_superiorfrontal,18,777.437148271981
sub-098_rh_volume_superiorfrontal,19,773.4769876771054
sub-098_rh_volume_superiorfrontal,20,774.3671316373146
sub-098_rh_volume_superiorfrontal,21,775.6976866641287
sub-098_rh_volume_superiorfrontal,22,771.8509469759666
sub-098_rh_volume_superiorfrontal,23,773.2377660719014
sub-098_rh_volume_superiorfrontal,24,774.3211152674788
sub-098_rh_volume_superiorfrontal,25,775.0672545352224
sub-098_rh_volume_superiorfrontal,26,772.5671821206303
sub-098_rh_volume_superiorfrontal,27,775.1131291793564
sub-098_rh_volume_superiorfrontal,28,775.6474154197564
sub-098_rh_volume_superiorfrontal,29,776.7187406895524
sub-098_rh_volume_superiorfrontal,30,777.385474253509
sub-098_rh_volume_superiorfrontal,31,776.1768716068591
sub-098_rh_volume_superiorfrontal,32,774.2728105965307
sub-098_rh_volume_superiorfrontal,33,774.6776909262447
sub-098_rh_volume_superiorfrontal,34,772.5944896633342
sub-098_rh_volume_superiorfrontal,35,774.816983497749
sub-098_rh_volume_superiorfrontal,36,774.6120450294624
sub-098_rh_volume_superiorfrontal,37,774.6583769200212
sub-098_rh_volume_superiorfrontal,38,777.3204387082892
sub-098_rh_volume_superiorfrontal,39,774.1009862867452
sub-098_rh_volume_superiorfrontal,40,773.2398102323888
sub-098_rh_volume_superiorfrontal,41,774.6073308395127
sub-098_rh_volume_superiorfrontal,42,774.8526590638241
sub-098_rh_volume_superiorfrontal,43,774.967755851099
sub-098_rh_volume_superiorfrontal,44,774.7289708024365
sub-098_lh_volume_rostralmiddlefrontal,0,744.7724861266121
sub-098_lh_volume_rostralmiddlefrontal,1,744.4164046030196
sub-098_lh_volume_rostralmiddlefrontal,2,746.6369163876489
sub-098_lh_volume_rostralmiddlefrontal,3,743.5168364994109
sub-098_lh_volume_rostralmiddlefrontal,4,742.1445118737599
sub-098_lh_volume_rostralmiddlefrontal,5,743.5477323986236
sub-098_lh_volume_rostralmiddlefrontal,6,740.1341078016493
sub-098_lh_volume_rostralmiddlefrontal,7,740.9920048789372
sub-098_lh_volume_rostralmiddlefrontal,8,740.5207136850509
sub-098_lh_volume_rostralmiddlefrontal,9,738.5048697335379
sub-098_lh_volume_rostralmiddlefrontal,10,741.1454390268477
sub-098_lh_volume_rostralmiddlefrontal,11,744.472431970021
sub-098_lh_volume_rostralmiddlefrontal,12,742.9810514904204
sub-098_lh_volume_rostralmiddlefrontal,13,743.2750215076264
sub-098_lh_volume_rostralmiddlefrontal,14,743.7198665558345
sub-098_lh_volume_rostralmiddlefrontal,15,743.7037634471106
sub-098_lh_volume_rostralmiddlefrontal,16,743.2591552734375
sub-098_lh_volume_rostralmiddlefrontal,17,741.45606437562
sub-098_lh_volume_rostralmiddlefrontal,18,742.2499065096416
sub-098_lh_volume_rostralmiddlefrontal,19,744.7760775127108
sub-098_lh_volume_rostralmiddlefrontal,20,740.4276990133618
sub-098_lh_volume_rostralmiddlefrontal,21,744.6697160024491
sub-098_lh_volume_rostralmiddlefrontal,22,744.049550374349
sub-098_lh_volume_rostralmiddlefrontal,23,742.1168324304006
sub-098_lh_volume_rostralmiddlefrontal,24,741.9005776057168
sub-098_lh_volume_rostralmiddlefrontal,25,741.8152548169332
sub-098_lh_volume_rostralmiddlefrontal,26,744.4131503634983
sub-098_lh_volume_rostralmiddlefrontal,27,740.3625875806051
sub-098_lh_volume_rostralmiddlefrontal,28,739.6471455891927
sub-098_lh_volume_rostralmiddlefrontal,29,744.9892001681858
sub-098_lh_volume_rostralmiddlefrontal,30,742.6014094277034
sub-098_lh_volume_rostralmiddlefrontal,31,744.3816169859871
sub-098_lh_volume_rostralmiddlefrontal,32,743.7383374410962
sub-098_lh_volume_rostralmiddlefrontal,33,741.9646606445312
sub-098_lh_volume_rostralmiddlefrontal,34,743.0301227872334
sub-098_lh_volume_rostralmiddlefrontal,35,742.5510825505332
sub-098_lh_volume_rostralmiddlefrontal,36,742.4281441824777
sub-098_lh_volume_rostralmiddlefrontal,37,743.5447944762215
sub-098_lh_volume_rostralmiddlefrontal,38,744.5215371752543
sub-098_lh_volume_rostralmiddlefrontal,39,743.2300075954861
sub-098_lh_volume_rostralmiddlefrontal,40,743.2001149011037
sub-098_lh_volume_rostralmiddlefrontal,41,744.9629802401104
sub-098_lh_volume_rostralmiddlefrontal,42,741.4567570762028
sub-098_lh_volume_rostralmiddlefrontal,43,744.8730362180679
sub-098_lh_volume_rostralmiddlefrontal,44,740.5060599190848
sub-098_lh_volume_superiorfrontal,0,806.3565405273438
sub-098_lh_volume_superiorfrontal,1,806.559720585264
sub-098_lh_volume_superiorfrontal,2,807.2938436153017
sub-098_lh_volume_superiorfrontal,3,807.0522713496767
sub-098_lh_volume_superiorfrontal,4,805.7141762358567
sub-098_lh_volume_superiorfrontal,5,807.542281957166
sub-098_lh_volume_superiorfrontal,6,806.1448769194504
sub-098_lh_volume_superiorfrontal,7,805.491759412042
sub-098_lh_volume_superiorfrontal,8,807.096942180765
sub-098_lh_volume_superiorfrontal,9,807.2265840517241
sub-098_lh_volume_superiorfrontal,10,807.9223919888201
sub-098_lh_volume_superiorfrontal,11,807.9836361799569
sub-098_lh_volume_superiorfrontal,12,808.851394295528
sub-098_lh_volume_superiorfrontal,13,807.2874643891433
sub-098_lh_volume_superiorfrontal,14,806.4115724339979
sub-098_lh_volume_superiorfrontal,15,807.9698935883621
sub-098_lh_volume_superiorfrontal,16,806.2924791217672
sub-098_lh_volume_superiorfrontal,17,808.618648555361
sub-098_lh_volume_superiorfrontal,18,807.8273640389278
sub-098_lh_volume_superiorfrontal,19,807.4894067382812
sub-098_lh_volume_superiorfrontal,20,807.6084932314117
sub-098_lh_volume_superiorfrontal,21,809.4587936927533
sub-098_lh_volume_superiorfrontal,22,806.1998085600754
sub-098_lh_volume_superiorfrontal,23,807.37595703125
sub-098_lh_volume_superiorfrontal,24,808.8135957704742
sub-098_lh_volume_superiorfrontal,25,808.4623914837015
sub-098_lh_volume_superiorfrontal,26,806.7124345871498
sub-098_lh_volume_superiorfrontal,27,808.1970072568696
sub-098_lh_volume_superiorfrontal,28,808.7928910459322
sub-098_lh_volume_superiorfrontal,29,809.7576653421336
sub-098_lh_volume_superiorfrontal,30,810.4566538422683
sub-098_lh_volume_superiorfrontal,31,809.6827857287177
sub-098_lh_volume_superiorfrontal,32,808.258477151805
sub-098_lh_volume_superiorfrontal,33,808.260320666083
sub-098_lh_volume_superiorfrontal,34,809.3305131162446
sub-098_lh_volume_superiorfrontal,35,808.6269581761853
sub-098_lh_volume_superiorfrontal,36,808.8334784987877
sub-098_lh_volume_superiorfrontal,37,806.9643781148976
sub-098_lh_volume_superiorfrontal,38,809.4997998046875
sub-098_lh_volume_superiorfrontal,39,808.6746534044989
sub-098_lh_volume_superiorfrontal,40,808.1369049703663
sub-098_lh_volume_superiorfrontal,41,806.5831246632544
sub-098_lh_volume_superiorfrontal,42,807.5424598430765
sub-098_lh_volume_superiorfrontal,43,809.0127382475754
sub-098_lh_volume_superiorfrontal,44,806.8662558930496
